Rk,Player,Nation,Pos,Squad,Age,Born,90s,TotCmp,TotAtt,TotCmp%,TotDist,TotPrgDist,SrtCmp,SrtAtt,SrtCmp%,MedCmp,MedAtt,MedCmp%,LngCmp,LngAtt,LngCmp%,Ast,xAG,xA,A-xAG,KP,1/3Pass,PPA,CrsPA,PrgP,Matches,-9999
1,Brenden Aaronson,us USA,MFFW,Leeds United,22-110,2000,17.7,411,549,74.9,5186,1517,235,287,81.9,105,137,76.6,16,42,38.1,2,3.1,1.6,-1.1,31,31,8,2,57,Matches,5bc43860
2,Che Adams,sct SCO,FW,Southampton,26-211,1996,17.3,252,380,66.3,3571,820,159,214,74.3,54,85,63.5,22,30,73.3,2,2.5,1.8,-0.5,21,17,10,2,23,Matches,f2bf1b0f
3,Tyler Adams,us USA,MF,Leeds United,23-360,1999,19.0,895,1091,82.0,13587,4198,488,555,87.9,320,378,84.7,54,90,60.0,0,1.3,0.9,-1.3,23,83,12,0,111,Matches,2b09d998
4,Tosin Adarabioyo,eng ENG,DF,Fulham,25-138,1997,12.2,474,592,80.1,9865,3618,117,134,87.3,307,347,88.5,46,95,48.4,0,0.0,0.1,0.0,1,29,2,0,36,Matches,c81d773d
5,Nayef Aguerd,ma MAR,DF,West Ham,26-316,1996,4.8,150,194,77.3,3032,1347,51,55,92.7,77,94,81.9,20,40,50.0,0,0.0,0.1,0.0,1,11,2,0,9,Matches,288e1e13
6,Naouirou Ahamada,fr FRA,MF,Crystal Palace,20-317,2002,0.1,8,9,88.9,128,23,3,3,100.0,5,6,83.3,0,0,,0,0.0,0.0,0.0,0,1,0,0,1,Matches,a6c58494
7,Rayan Aït Nouri,fr FRA,DF,Wolves,21-248,2001,9.6,375,461,81.3,5850,2045,209,235,88.9,140,168,83.3,19,29,65.5,0,1.0,0.8,-1.0,7,22,13,5,36,Matches,9b398aea
8,Kristoffer Ajer,no NOR,DF,Brentford,24-298,1998,7.5,238,317,75.1,4141,1706,122,145,84.1,94,118,79.7,21,38,55.3,0,0.0,0.1,0.0,1,20,1,1,27,Matches,a8c0acb7
9,Manuel Akanji,ch SUI,DF,Manchester City,27-205,1995,14.3,1090,1157,94.2,18873,5880,478,492,97.2,529,550,96.2,68,91,74.7,1,0.2,0.3,+0.8,4,74,1,1,68,Matches,89ac64a6
10,Nathan Aké,nl NED,DF,Manchester City,27-356,1995,12.8,1078,1178,91.5,17723,6367,508,535,95.0,508,542,93.7,48,71,67.6,0,0.3,0.7,-0.3,5,97,5,0,94,Matches,eaeca114
11,Marc Albrighton,eng ENG,FWMF,Leicester City,33-083,1989,2.6,90,149,60.4,1447,551,49,61,80.3,23,34,67.6,12,34,35.3,0,0.9,0.4,-0.9,6,6,5,2,7,Matches,b827d5b3
12,Thiago Alcántara,es ESP,MF,Liverpool,31-304,1991,12.8,842,980,85.9,15197,4456,393,424,92.7,299,340,87.9,121,153,79.1,0,1.1,1.2,-1.1,17,95,19,0,107,Matches,77e84962
13,Carlos Alcaraz,ar ARG,MF,Southampton,20-071,2002,0.6,15,23,65.2,165,38,8,13,61.5,5,5,100.0,0,2,0.0,0,0.0,0.0,0.0,1,1,0,0,1,Matches,4abac767
14,Trent Alexander-Arnold,eng ENG,DF,Liverpool,24-125,1998,16.0,1039,1422,73.1,19780,8294,487,547,89.0,380,497,76.5,159,330,48.2,1,4.3,4.0,-3.3,36,112,49,17,116,Matches,cd1acf9d
15,Alisson,br BRA,GK,Liverpool,30-130,1992,20.0,636,742,85.7,14932,9670,156,156,100.0,324,331,97.9,152,248,61.3,1,0.3,0.0,+0.7,1,9,0,0,1,Matches,7a2e46a8
16,Dele Alli,eng ENG,MF,Everton,26-304,1996,0.4,12,15,80.0,123,10,6,8,75.0,4,5,80.0,0,0,,0,0.0,0.0,0.0,0,2,0,0,1,Matches,cea4ee8f
17,Miguel Almirón,py PAR,FW,Newcastle Utd,28-364,1994,19.3,553,670,82.5,7574,1876,342,380,90.0,162,195,83.1,22,31,71.0,1,1.5,2.0,-0.5,17,33,22,2,91,Matches,862a1c15
18,Julián Álvarez,ar ARG,FWMF,Manchester City,23-009,2000,6.4,158,200,79.0,1987,302,98,114,86.0,35,46,76.1,7,11,63.6,0,0.5,0.5,-0.5,6,11,4,1,18,Matches,15ab5a2b
19,Daniel Amartey,gh GHA,DF,Leicester City,28-050,1994,15.2,874,955,91.5,15152,5775,383,407,94.1,423,446,94.8,58,84,69.0,0,0.5,0.4,-0.5,5,52,1,0,62,Matches,1a4ef233
20,Joachim Andersen,dk DEN,DF,Crystal Palace,26-254,1996,16.4,835,1047,79.8,19807,7706,193,212,91.0,488,527,92.6,149,283,52.7,0,0.4,0.3,-0.4,4,68,4,0,44,Matches,e34fc66d
21,Elliot Anderson,sct SCO,FWMF,Newcastle Utd,20-095,2002,1.3,45,62,72.6,708,260,23,29,79.3,19,23,82.6,2,2,100.0,0,0.5,0.6,-0.5,3,7,1,0,7,Matches,de31038e
22,Jaidon Anthony,eng ENG,MFFW,Bournemouth,23-070,1999,8.0,232,321,72.3,3391,939,133,153,86.9,63,90,70.0,19,35,54.3,0,0.5,0.7,-0.5,7,14,12,4,32,Matches,e4238fb1
23,Michail Antonio,jm JAM,FW,West Ham,32-318,1990,10.9,99,191,51.8,1440,287,54,83,65.1,37,71,52.1,5,19,26.3,2,1.0,0.6,+1.0,10,8,5,1,16,Matches,ac05f970
24,Antony,br BRA,FW,Manchester Utd,22-350,2000,10.1,319,413,77.2,4058,812,226,261,86.6,66,94,70.2,12,25,48.0,0,0.4,0.7,-0.4,8,14,8,0,28,Matches,99127249
25,Cameron Archer,eng ENG,FWMF,Aston Villa,21-203,2001,0.5,8,12,66.7,108,44,5,5,100.0,3,5,60.0,0,0,,0,0.0,0.0,0.0,0,2,0,0,0,Matches,05e8ca6d
26,Alphonse Areola,fr FRA,GK,West Ham,29-347,1993,1.2,29,42,69.0,852,696,9,9,100.0,10,10,100.0,10,22,45.5,0,0.0,0.0,0.0,0,0,0,0,0,Matches,2f965a72
27,Joe Aribo,ng NGA,MFFW,Southampton,26-203,1996,12.0,256,350,73.1,3209,812,177,225,78.7,55,76,72.4,8,10,80.0,0,0.8,0.4,-0.8,9,19,9,0,35,Matches,328f7d51
28,Adam Armstrong,eng ENG,FW,Southampton,25-364,1997,11.4,185,252,73.4,2789,534,100,119,84.0,61,78,78.2,12,19,63.2,1,0.7,0.7,+0.3,10,11,9,2,15,Matches,68c720b5
29,Stuart Armstrong,sct SCO,MFFW,Southampton,30-316,1992,8.5,291,366,79.5,4576,1355,156,179,87.2,104,127,81.9,20,29,69.0,0,1.7,2.1,-1.7,12,26,21,5,48,Matches,97333cf5
30,Kepa Arrizabalaga,es ESP,GK,Chelsea,28-129,1994,12.5,402,474,84.8,8429,5001,164,166,98.8,155,156,99.4,81,150,54.0,0,0.0,0.0,0.0,0,4,0,0,0,Matches,28d596a0
31,Pierre-Emerick Aubameyang,ga GAB,FW,Chelsea,33-236,1989,4.8,61,86,70.9,821,193,41,54,75.9,17,21,81.0,2,3,66.7,0,0.3,0.2,-0.3,3,2,2,1,3,Matches,d5dd5f1f
32,Ludwig Augustinsson,se SWE,DF,Aston Villa,28-294,1994,0.9,26,43,60.5,421,176,13,16,81.3,10,16,62.5,2,8,25.0,0,0.0,0.0,0.0,0,0,0,0,0,Matches,9fec8860
33,Serge Aurier,ci CIV,DF,Nott'ham Forest,30-047,1992,11.0,368,544,67.6,5658,2597,197,255,77.3,136,196,69.4,25,54,46.3,0,0.8,0.7,-0.8,8,22,8,5,41,Matches,5c2b4f07
34,Taiwo Awoniyi,ng NGA,FW,Nott'ham Forest,25-181,1997,8.1,90,124,72.6,1049,138,63,76,82.9,19,26,73.1,1,4,25.0,0,1.0,0.3,-1.0,8,3,1,0,7,Matches,e5478b87
35,André Ayew,gh GHA,FW,Nott'ham Forest,33-054,1989,0.0,0,0,,0,0,0,0,,0,0,,0,0,,0,0.0,0.0,0.0,0,0,0,0,0,Matches,5dbefa9d
36,Jordan Ayew,gh GHA,FWMF,Crystal Palace,31-151,1991,15.6,339,446,76.0,4440,795,216,247,87.4,103,136,75.7,7,20,35.0,1,1.2,1.1,-0.2,15,13,5,3,26,Matches,da052c14
37,Luke Ayling,eng ENG,DF,Leeds United,31-168,1991,7.8,258,384,67.2,4162,2108,147,181,81.2,82,122,67.2,25,51,49.0,1,0.8,0.9,+0.2,4,26,9,4,32,Matches,420d7c7d
38,César Azpilicueta,es ESP,DF,Chelsea,33-165,1989,11.4,622,772,80.6,9246,3223,349,378,92.3,250,308,81.2,13,55,23.6,0,0.8,0.8,-0.8,9,26,14,3,54,Matches,53cad200
39,Benoît Badiashile,fr FRA,DF,Chelsea,21-320,2001,3.0,251,275,91.3,4766,1659,86,95,90.5,142,150,94.7,22,29,75.9,0,0.4,0.0,-0.4,2,10,1,0,10,Matches,06df8256
40,Leon Bailey,jm JAM,FWMF,Aston Villa,25-184,1997,14.6,234,376,62.2,3780,935,127,167,76.0,68,104,65.4,26,58,44.8,2,2.3,2.6,-0.3,18,13,13,10,20,Matches,3a233281
41,Stefan Bajcetic,es ESP,MF,Liverpool,18-110,2004,2.2,83,104,79.8,1226,337,50,59,84.7,22,28,78.6,7,12,58.3,0,0.2,0.3,-0.2,2,8,2,1,10,Matches,32e8417f
42,Patrick Bamford,eng ENG,FW,Leeds United,29-157,1993,6.6,89,126,70.6,907,201,63,82,76.8,13,24,54.2,0,1,0.0,2,0.5,0.3,+1.5,6,6,4,0,9,Matches,93feac6e
43,Shandon Baptiste,gd GRN,MF,Brentford,24-307,1998,4.8,154,186,82.8,2498,701,85,96,88.5,54,62,87.1,10,16,62.5,0,0.7,0.5,-0.7,6,13,8,2,26,Matches,2886c9b5
44,Harvey Barnes,eng ENG,MFFW,Leicester City,25-062,1997,17.8,322,455,70.8,4131,1210,207,263,78.7,80,121,66.1,13,25,52.0,1,1.1,1.1,-0.1,10,23,20,2,42,Matches,3ea50f67
45,Gavin Bazunu,ie IRL,GK,Southampton,20-354,2002,21.0,474,782,60.6,14784,11222,105,107,98.1,173,177,97.7,195,493,39.6,0,0.1,0.1,-0.1,1,37,1,0,1,Matches,c91441dc
46,Mads Bech Sørensen,dk DEN,DFMF,Brentford,24-033,1999,0.2,7,11,63.6,142,49,3,3,100.0,3,4,75.0,1,4,25.0,0,0.0,0.0,0.0,0,2,0,0,1,Matches,30db8574
47,Jan Bednarek,pl POL,DF,Southampton,26-303,1996,2.8,112,129,86.8,2141,859,42,46,91.3,55,60,91.7,13,20,65.0,0,0.1,0.1,-0.1,2,6,0,0,7,Matches,4115ce4e
48,Jan Bednarek,pl POL,DF,Aston Villa,26-303,1996,1.1,60,66,90.9,1249,418,16,17,94.1,33,35,94.3,10,12,83.3,0,0.0,0.0,0.0,0,4,0,0,5,Matches,4115ce4e
49,Donny van de Beek,nl NED,MF,Manchester Utd,25-297,1997,1.9,46,61,75.4,502,115,31,34,91.2,8,8,100.0,1,2,50.0,0,0.1,0.1,-0.1,3,0,4,0,6,Matches,50dc94ce
50,Asmir Begović,ba BIH,GK,Everton,35-234,1987,1.0,21,30,70.0,584,423,3,3,100.0,10,10,100.0,8,17,47.1,0,0.0,0.0,0.0,0,0,0,0,0,Matches,7b4de647
51,Armel Bella Kotchap,de GER,DF,Southampton,21-060,2001,11.4,344,456,75.4,6762,1885,118,138,85.5,184,214,86.0,39,89,43.8,1,0.2,0.2,+0.8,3,18,2,0,17,Matches,a39d11bc
52,Saïd Benrahma,dz ALG,FWMF,West Ham,27-183,1995,12.5,362,449,80.6,5028,1131,229,252,90.9,108,135,80.0,16,36,44.4,1,1.7,1.2,-0.7,26,15,10,6,44,Matches,5a04fd92
53,Rodrigo Bentancur,uy URU,MF,Tottenham,25-229,1997,16.0,702,835,84.1,10996,3010,347,388,89.4,287,321,89.4,39,68,57.4,2,0.8,0.7,+1.2,11,50,9,4,71,Matches,3b8674e6
54,Victor Bernth Kristiansen,dk DEN,DF,Leicester City,20-055,2002,0.9,21,40,52.5,307,171,13,16,81.3,6,14,42.9,2,7,28.6,0,0.0,0.0,0.0,0,0,0,0,0,Matches,505486d6
55,Owen Bevan,wls WAL,DF,Bournemouth,19-106,2003,0.1,2,3,66.7,38,7,1,1,100.0,1,1,100.0,0,0,,0,0.0,0.0,0.0,0,0,0,0,0,Matches,87966294
56,Giulian Biancone,fr FRA,DF,Nott'ham Forest,22-315,2000,0.2,15,21,71.4,253,126,6,7,85.7,8,10,80.0,1,3,33.3,0,0.0,0.0,0.0,0,0,0,0,0,Matches,de40e38c
57,Philip Billing,dk DEN,MFFW,Bournemouth,26-243,1996,16.3,380,508,74.8,5588,1422,208,255,81.6,119,150,79.3,25,47,53.2,1,1.6,1.0,-0.6,13,21,5,2,35,Matches,d328a254
58,Yves Bissouma,ml MLI,MF,Tottenham,26-163,1996,9.0,514,571,90.0,7843,1774,266,281,94.7,208,225,92.4,25,33,75.8,0,0.5,0.3,-0.5,8,40,4,1,45,Matches,6c203af0
59,Willy Boly,ci CIV,DF,Nott'ham Forest,32-006,1991,6.5,178,235,75.7,3376,1571,59,72,81.9,98,115,85.2,17,40,42.5,1,0.2,0.3,+0.8,1,7,0,0,10,Matches,a4ac4b8f
60,Sven Botman,nl NED,DF,Newcastle Utd,23-028,2000,17.7,757,881,85.9,15582,5854,234,263,89.0,417,456,91.4,99,142,69.7,0,0.9,1.0,-0.9,6,37,1,0,43,Matches,ccce7025
61,Jarrod Bowen,eng ENG,FWMF,West Ham,26-051,1996,20.9,338,523,64.6,5548,1679,185,224,82.6,106,141,75.2,36,96,37.5,0,3.1,2.5,-3.1,29,29,16,6,46,Matches,79c84d1c
62,James Bree,eng ENG,DF,Southampton,25-121,1997,1.0,34,45,75.6,505,203,21,28,75.0,9,10,90.0,2,4,50.0,0,0.2,0.1,-0.2,3,2,3,2,1,Matches,c07b7c5c
63,Armando Broja,al ALB,FW,Chelsea,21-152,2001,3.3,33,53,62.3,466,54,21,33,63.6,9,15,60.0,2,3,66.7,0,0.1,0.1,-0.1,1,1,1,0,4,Matches,97220da2
64,Lewis Brunt,eng ENG,DF,Leicester City,22-095,2000,0.3,17,21,81.0,283,57,7,8,87.5,10,11,90.9,0,1,0.0,0,0.0,0.0,0.0,0,0,0,0,0,Matches,a2081c6b
65,Bryan,es ESP,MFFW,Tottenham,21-363,2001,1.6,47,60,78.3,638,92,26,32,81.3,14,16,87.5,2,4,50.0,1,0.2,0.1,+0.8,2,3,2,0,5,Matches,7b5ab7f2
66,Emi Buendía,ar ARG,MFFW,Aston Villa,26-046,1996,13.6,450,574,78.4,7215,1914,232,275,84.4,150,189,79.4,44,56,78.6,0,2.3,1.7,-2.3,21,55,22,0,83,Matches,66b76d44
67,Hugo Bueno,es ESP,DF,Wolves,20-144,2002,9.1,324,403,80.4,4308,1254,210,229,91.7,93,118,78.8,9,27,33.3,1,0.6,0.5,+0.4,10,13,7,4,23,Matches,bfc3b3a0
68,Facundo Buonanotte,ar ARG,MFFW,Brighton,18-048,2004,0.2,7,8,87.5,89,3,6,7,85.7,0,0,,1,1,100.0,0,0.0,0.0,0.0,1,0,0,0,1,Matches,468a7a91
69,Dan Burn,eng ENG,DF,Newcastle Utd,30-276,1992,19.6,770,972,79.2,12892,4874,370,421,87.9,329,403,81.6,56,107,52.3,0,0.5,0.3,-0.5,6,49,6,1,59,Matches,b2d31e83
70,Cafú,pt POR,MF,Nott'ham Forest,29-348,1993,0.1,2,2,100.0,45,41,0,0,,2,2,100.0,0,0,,0,0.0,0.0,0.0,0,1,0,0,1,Matches,85322440
71,Moisés Caicedo,ec ECU,MF,Brighton,21-099,2001,18.2,968,1102,87.8,15212,4144,513,561,91.4,351,391,89.8,75,90,83.3,1,1.4,1.2,-0.4,22,87,24,4,117,Matches,16264a81
72,Tom Cairney,sct SCO,MF,Fulham,32-020,1991,5.2,342,400,85.5,5634,1341,175,191,91.6,119,139,85.6,35,48,72.9,0,1.2,1.2,-1.2,10,37,11,4,50,Matches,a8748947
73,Duje Ćaleta-Car,hr CRO,DF,Southampton,26-145,1996,8.0,351,414,84.8,6957,2590,109,122,89.3,197,212,92.9,41,69,59.4,0,0.0,0.1,0.0,1,20,0,0,23,Matches,94f8d10c
74,Dominic Calvert-Lewin,eng ENG,FW,Everton,25-330,1997,8.1,86,139,61.9,1009,175,53,79,67.1,19,33,57.6,3,5,60.0,0,0.3,0.2,-0.3,4,8,1,0,8,Matches,59e6e5bf
75,Chem Campbell,wls WAL,FWMF,Wolves,20-041,2002,0.8,23,32,71.9,344,64,10,11,90.9,13,14,92.9,0,5,0.0,0,0.0,0.0,0.0,0,2,0,0,4,Matches,6f711f67
76,João Cancelo,pt POR,DF,Manchester City,28-258,1994,14.2,1036,1220,84.9,16674,4147,578,621,93.1,363,430,84.4,81,123,65.9,1,0.9,1.5,+0.1,12,80,36,9,106,Matches,bd6351cd
77,Thomas Cannon,ie IRL,FW,Everton,20-043,2002,0.3,4,5,80.0,37,0,3,4,75.0,1,1,100.0,0,0,,0,0.5,0.0,-0.5,1,0,0,0,0,Matches,4506aec5
78,Sergi Canós,es ESP,FWDF,Brentford,26-007,1997,0.9,23,43,53.5,268,76,14,18,77.8,4,15,26.7,1,2,50.0,0,0.0,0.0,0.0,1,2,1,0,2,Matches,1137759d
79,Diego Carlos,br BRA,DF,Aston Villa,29-331,1993,2.0,101,128,78.9,2087,802,30,36,83.3,57,66,86.4,14,24,58.3,0,0.0,0.0,0.0,0,8,0,0,10,Matches,b4a014b1
80,Fabio Carvalho,pt POR,MFFW,Liverpool,20-163,2002,3.7,111,135,82.2,1490,264,68,79,86.1,29,35,82.9,5,6,83.3,0,0.1,0.2,-0.1,1,6,2,0,11,Matches,966e28d0
81,Casemiro,br BRA,MF,Manchester Utd,30-351,1992,13.7,664,855,77.7,11745,3918,305,365,83.6,270,328,82.3,75,124,60.5,3,2.0,2.3,+1.0,16,77,14,3,82,Matches,4d224fe8
82,Matty Cash,pl POL,DF,Aston Villa,25-186,1997,13.2,517,678,76.3,9054,3180,239,268,89.2,232,285,81.4,38,95,40.0,0,0.7,0.9,-0.7,7,46,14,8,64,Matches,2389cdc2
83,Timothy Castagne,be BEL,DF,Leicester City,27-066,1995,19.2,847,1059,80.0,12091,4256,531,603,88.1,246,310,79.4,41,76,53.9,2,1.3,1.6,+0.7,12,53,15,8,55,Matches,197640fd
84,Jonny Castro,es ESP,DF,Wolves,28-343,1994,11.3,607,718,84.5,9697,3180,331,361,91.7,226,261,86.6,40,57,70.2,0,0.4,0.5,-0.4,3,52,8,2,61,Matches,e28868f3
85,Julio César Enciso,py PAR,FWMF,Brighton,19-017,2004,1.5,19,29,65.5,210,53,12,16,75.0,5,8,62.5,0,1,0.0,0,0.1,0.1,-0.1,1,2,1,0,3,Matches,9cfbad36
86,Nathaniel Chalobah,eng ENG,MF,Fulham,28-059,1994,0.1,4,5,80.0,67,9,2,2,100.0,2,2,100.0,0,0,,0,0.0,0.0,0.0,0,1,0,0,0,Matches,422862ea
87,Trevoh Chalobah,eng ENG,DF,Chelsea,23-219,1999,10.8,568,640,88.8,10451,3034,205,231,88.7,314,334,94.0,43,61,70.5,0,0.1,0.1,-0.1,1,26,1,0,32,Matches,5515376c
88,Calum Chambers,eng ENG,DFMF,Aston Villa,28-020,1995,1.2,69,83,83.1,1259,543,31,34,91.2,33,37,89.2,5,9,55.6,0,0.0,0.0,0.0,0,3,0,0,5,Matches,dc6f5bdd
89,Ben Chilwell,eng ENG,DFMF,Chelsea,26-050,1996,4.7,248,319,77.7,3492,907,162,177,91.5,67,86,77.9,13,36,36.1,1,0.2,0.3,+0.8,2,10,1,1,11,Matches,d2424d1b
90,Ryan Christie,sct SCO,MFFW,Bournemouth,27-352,1995,11.5,285,353,80.7,4492,1068,151,179,84.4,99,109,90.8,22,39,56.4,0,1.0,1.1,-1.0,14,26,12,1,46,Matches,26ce2263
91,Carney Chukwuemeka,eng ENG,MFFW,Chelsea,19-112,2003,2.2,76,93,81.7,945,248,55,66,83.3,10,13,76.9,4,4,100.0,0,0.1,0.1,-0.1,3,6,4,2,10,Matches,b2f9c73e
92,Bobby Clark,eng ENG,MF,Liverpool,18-002,2005,0.1,1,1,100.0,29,17,0,0,,1,1,100.0,0,0,,0,0.0,0.1,0.0,0,0,1,0,1,Matches,73341ace
93,Nathaniel Clyne,eng ENG,DF,Crystal Palace,31-310,1991,12.4,487,623,78.2,7474,2912,258,294,87.8,205,254,80.7,18,55,32.7,0,0.4,0.3,-0.4,5,38,3,2,35,Matches,0442183b
94,Conor Coady,eng ENG,DF,Everton,29-349,1993,18.9,844,1000,84.4,17963,6790,234,252,92.9,476,509,93.5,128,223,57.4,1,0.3,0.5,+0.7,4,62,3,1,34,Matches,2928dca2
95,Jack Colback,eng ENG,MF,Nott'ham Forest,33-108,1989,3.1,59,72,81.9,1074,255,25,29,86.2,27,32,84.4,6,9,66.7,0,0.2,0.1,-0.2,2,8,1,1,8,Matches,963a9201
96,Séamus Coleman,ie IRL,DF,Everton,34-121,1988,9.5,328,404,81.2,5362,1946,160,181,88.4,137,160,85.6,25,43,58.1,0,0.3,0.4,-0.3,2,13,9,5,26,Matches,0420d84f
97,Nathan Collins,ie IRL,DF,Wolves,21-285,2001,16.4,812,914,88.8,16635,5711,231,251,92.0,464,494,93.9,101,148,68.2,0,0.1,0.2,-0.1,2,58,2,0,52,Matches,a8c19eb8
98,Levi Colwill,eng ENG,DF,Brighton,19-348,2003,5.1,379,424,89.4,6766,2803,161,177,91.0,177,193,91.7,35,44,79.5,0,0.1,0.2,-0.1,2,23,3,0,20,Matches,700783e7
99,Lewis Cook,eng ENG,MF,Bournemouth,26-006,1997,16.5,509,646,78.8,8549,2670,244,277,88.1,207,241,85.9,44,79,55.7,2,2.2,2.0,-0.2,21,49,11,8,54,Matches,2afc7272
100,Steve Cook,eng ENG,DF,Nott'ham Forest,31-296,1991,10.6,369,459,80.4,7884,2511,80,99,80.8,234,261,89.7,51,91,56.0,0,0.6,0.6,-0.6,3,18,2,1,19,Matches,3e5e4e63
101,Liam Cooper,sct SCO,DF,Leeds United,31-163,1991,12.3,480,609,78.8,8789,3371,186,212,87.7,248,296,83.8,38,84,45.2,0,0.5,0.2,-0.5,4,29,0,0,26,Matches,dc64b8b3
102,Maxwel Cornet,ci CIV,FW,West Ham,26-135,1996,1.0,20,30,66.7,266,46,13,18,72.2,7,8,87.5,0,0,,0,0.0,0.0,0.0,0,0,0,0,2,Matches,beb391dd
103,Diego Costa,es ESP,FW,Wolves,34-125,1988,6.8,63,85,74.1,718,99,37,41,90.2,15,21,71.4,1,1,100.0,0,0.3,0.3,-0.3,4,3,1,0,4,Matches,a190d597
104,Vladimír Coufal,cz CZE,DF,West Ham,30-171,1992,13.3,425,674,63.1,7230,3646,210,245,85.7,165,254,65.0,39,116,33.6,0,1.2,1.0,-1.2,14,37,12,8,53,Matches,fdf3cb77
105,Philippe Coutinho,br BRA,MFFW,Aston Villa,30-242,1992,7.9,270,361,74.8,3799,873,168,196,85.7,79,107,73.8,15,34,44.1,0,0.5,0.7,-0.5,7,28,7,2,45,Matches,0ef89a37
106,Conor Coventry,ie IRL,MFFW,West Ham,22-321,2000,0.0,0,0,,0,0,0,0,,0,0,,0,0,,0,0.0,0.0,0.0,0,0,0,0,0,Matches,a5ca9127
107,Aaron Cresswell,eng ENG,DF,West Ham,33-056,1989,17.0,864,1086,79.6,13925,6423,486,518,93.8,296,369,80.2,72,144,50.0,0,2.5,2.1,-2.5,30,75,24,13,118,Matches,4f974391
108,Marc Cucurella,es ESP,DF,Chelsea,24-202,1998,14.2,841,1009,83.3,12789,3858,457,495,92.3,308,351,87.7,45,91,49.5,2,0.4,0.7,+1.6,8,51,9,6,50,Matches,1daec722
109,Matheus Cunha,br BRA,FW,Wolves,23-258,1999,2.1,37,51,72.5,482,55,28,35,80.0,5,6,83.3,3,6,50.0,0,0.3,0.0,-0.3,2,0,1,0,2,Matches,dc62b55d
110,Patson Daka,zm ZAM,FW,Leicester City,24-123,1998,7.8,104,157,66.2,1285,275,64,86,74.4,31,45,68.9,1,4,25.0,3,2.3,1.2,+0.7,10,5,5,1,11,Matches,ca45605e
111,Diogo Dalot,pt POR,DF,Manchester Utd,23-328,1999,14.1,639,826,77.4,11475,3707,274,313,87.5,284,347,81.8,68,123,55.3,2,1.5,1.1,+0.5,22,54,21,12,49,Matches,d9565625
112,Mikkel Damsgaard,dk DEN,MFFW,Brentford,22-221,2000,3.2,91,128,71.1,1247,520,50,55,90.9,29,43,67.4,5,11,45.5,0,0.5,0.5,-0.5,5,13,6,0,14,Matches,215f3907
113,Danilo,br BRA,MF,Nott'ham Forest,21-286,2001,1.0,27,38,71.1,524,141,10,15,66.7,12,16,75.0,4,6,66.7,0,0.0,0.0,0.0,1,4,0,0,3,Matches,a816dbfb
114,Josh Dasilva,eng ENG,MF,Brentford,24-109,1998,10.9,337,424,79.5,5721,1408,169,193,87.6,133,151,88.1,30,52,57.7,2,1.4,1.3,+0.6,9,26,16,4,41,Matches,60344e4f
115,Ben Davies,wls WAL,DF,Tottenham,29-291,1993,15.0,725,858,84.5,12152,4230,344,377,91.2,307,341,90.0,55,94,58.5,1,1.8,1.1,-0.8,13,57,3,2,76,Matches,44781702
116,Tom Davies,eng ENG,MF,Everton,24-224,1998,4.6,139,183,76.0,2410,679,66,84,78.6,57,67,85.1,13,22,59.1,0,0.1,0.2,-0.1,1,19,1,0,24,Matches,9228b07c
117,Craig Dawson,eng ENG,DF,West Ham,32-279,1990,8.0,245,310,79.0,5404,2170,74,86,86.0,121,137,88.3,48,79,60.8,0,0.1,0.1,-0.1,1,25,0,0,18,Matches,3e9e06cb
118,Craig Dawson,eng ENG,DF,Wolves,32-279,1990,1.0,41,46,89.1,788,239,11,12,91.7,27,29,93.1,3,5,60.0,0,0.0,0.0,0.0,1,2,0,0,0,Matches,3e9e06cb
119,Kevin De Bruyne,be BEL,MF,Manchester City,31-226,1991,17.8,761,1058,71.9,14413,4317,340,402,84.6,305,411,74.2,106,184,57.6,11,9.2,10.0,+1.8,64,79,66,14,156,Matches,e46012d4
120,Siriki Dembélé,ci CIV,FWMF,Bournemouth,26-155,1996,1.2,37,47,78.7,543,223,22,29,75.9,10,13,76.9,2,2,100.0,0,0.3,0.2,-0.3,4,2,3,2,4,Matches,11f54bd5
121,Leander Dendoncker,be BEL,MF,Aston Villa,27-300,1995,3.8,129,148,87.2,1999,393,66,71,93.0,51,57,89.5,6,10,60.0,0,0.5,0.1,-0.5,5,9,0,0,10,Matches,5a7301ae
122,Leander Dendoncker,be BEL,MF,Wolves,27-300,1995,2.4,86,99,86.9,1466,282,45,50,90.0,32,32,100.0,8,8,100.0,0,0.0,0.0,0.0,2,4,1,1,6,Matches,5a7301ae
123,Emmanuel Dennis,ng NGA,FW,Nott'ham Forest,25-086,1997,4.1,70,99,70.7,1068,223,42,49,85.7,18,27,66.7,6,8,75.0,1,0.3,0.3,+0.7,4,4,2,1,9,Matches,2c44a35d
124,Halil Dervişoğlu,tr TUR,MF,Brentford,23-063,1999,0.1,0,0,,0,0,0,0,,0,0,,0,0,,0,0.0,0.0,0.0,0,0,0,0,0,Matches,9d8cf204
125,Kiernan Dewsbury-Hall,eng ENG,MF,Leicester City,24-156,1998,16.1,559,745,75.0,9110,2257,295,349,84.5,191,244,78.3,52,100,52.0,2,2.3,1.7,-0.3,26,74,17,3,88,Matches,5c74c0f5
126,Ibrahima Diallo,fr FRA,MF,Southampton,23-338,1999,7.9,249,324,76.9,3755,767,142,164,86.6,86,109,78.9,14,29,48.3,0,0.1,0.1,-0.1,2,18,2,0,21,Matches,11ff3d56
127,Rúben Dias,pt POR,DF,Manchester City,25-271,1997,9.7,830,900,92.2,14982,5430,295,313,94.2,479,506,94.7,48,64,75.0,0,0.1,0.1,-0.1,2,51,0,0,43,Matches,31c69ef1
128,Luis Díaz,co COL,FW,Liverpool,26-027,1997,6.8,203,256,79.3,3051,597,124,150,82.7,63,75,84.0,12,14,85.7,2,1.0,0.8,+1.0,6,18,5,1,25,Matches,4a1a9578
129,Eric Dier,eng ENG,DF,Tottenham,29-025,1994,20.3,1168,1357,86.1,22848,8817,424,456,93.0,586,634,92.4,137,222,61.7,0,0.8,0.4,-0.8,6,55,6,3,64,Matches,ac861941
130,Lucas Digne,fr FRA,DF,Aston Villa,29-204,1993,12.3,535,705,75.9,8460,3195,302,335,90.1,185,251,73.7,39,78,50.0,0,1.2,1.0,-1.2,13,27,18,10,43,Matches,1b84dbe1
131,Issa Diop,fr FRA,DF,Fulham,26-031,1997,11.7,643,748,86.0,13316,4304,178,204,87.3,389,424,91.7,74,110,67.3,0,0.0,0.1,0.0,1,44,2,0,45,Matches,a712ca2b
132,Moussa Djenepo,ml MLI,DFFW,Southampton,24-239,1998,6.4,157,213,73.7,2323,696,90,102,88.2,53,74,71.6,8,19,42.1,1,0.3,0.3,+0.7,6,12,5,3,17,Matches,254147d4
133,Ben Doak,sct SCO,FW,Liverpool,17-090,2005,0.3,10,14,71.4,86,17,9,10,90.0,0,1,0.0,0,1,0.0,0,0.0,0.0,0.0,0,0,0,0,1,Matches,733f1a7d
134,Matt Doherty,ie IRL,DFMF,Tottenham,31-024,1992,7.4,329,408,80.6,4896,1222,190,204,93.1,107,137,78.1,18,35,51.4,0,0.3,0.3,-0.3,6,14,5,3,20,Matches,d557d734
135,Gabriel Dos Santos,br BRA,DF,Arsenal,25-052,1997,20.0,1123,1255,89.5,20332,7242,448,470,95.3,585,627,93.3,79,131,60.3,0,0.2,0.3,-0.2,1,95,2,0,80,Matches,67ac5bb8
136,Abdoulaye Doucouré,ml MLI,MF,Everton,30-039,1993,3.5,117,149,78.5,1616,364,65,83,78.3,44,53,83.0,2,3,66.7,0,0.0,0.1,0.0,1,9,0,0,8,Matches,02b29014
137,Cheick Doucouré,ml MLI,MF,Crystal Palace,23-032,2000,17.3,623,744,83.7,10423,3255,306,338,90.5,253,294,86.1,51,69,73.9,2,1.6,0.8,+0.4,18,72,5,0,79,Matches,ce4f40c7
138,Flynn Downes,eng ENG,MF,West Ham,24-020,1999,3.2,92,113,81.4,1157,198,67,70,95.7,17,24,70.8,4,7,57.1,0,0.0,0.0,0.0,1,5,1,0,6,Matches,69fdb896
139,Cody Drameh,eng ENG,DF,Leeds United,21-063,2001,0.8,30,38,78.9,457,153,17,21,81.0,11,12,91.7,2,5,40.0,0,0.0,0.0,0.0,0,2,0,0,2,Matches,e0d1510a
140,Shane Duffy,ie IRL,FWDF,Fulham,31-039,1992,0.1,2,4,50.0,20,9,2,2,100.0,0,0,,0,1,0.0,0,0.0,0.0,0.0,0,0,0,0,0,Matches,7314bba4
141,Lewis Dunk,eng ENG,DF,Brighton,31-080,1991,20.0,1425,1586,89.8,28133,10257,470,494,95.1,764,801,95.4,171,255,67.1,0,0.1,0.3,-0.1,1,85,4,0,68,Matches,282f75f3
142,Jhon Durán,co COL,FW,Aston Villa,19-058,2003,0.1,3,5,60.0,48,7,1,2,50.0,2,3,66.7,0,0,,0,0.0,0.0,0.0,0,0,1,0,1,Matches,414184f7
143,Malcolm Ebiowei,eng ENG,MFFW,Crystal Palace,19-158,2003,0.4,5,10,50.0,98,16,2,4,50.0,2,2,100.0,1,2,50.0,0,0.0,0.0,0.0,0,0,0,0,2,Matches,fa9fa773
144,Ederson,br BRA,GK,Manchester City,29-176,1993,21.0,665,765,86.9,15663,10112,150,152,98.7,356,359,99.2,158,253,62.5,1,0.2,0.2,+0.8,1,5,0,0,0,Matches,3bb7b8b4
145,Odsonne Édouard,fr FRA,FWMF,Crystal Palace,25-024,1998,11.9,193,269,71.7,2219,429,138,171,80.7,38,61,62.3,3,6,50.0,2,0.9,0.6,+1.1,12,7,9,0,27,Matches,0562b7f1
146,Samuel Edozie,eng ENG,FWMF,Southampton,20-012,2003,5.9,101,149,67.8,1176,324,70,86,81.4,18,30,60.0,4,9,44.4,0,0.3,0.4,-0.3,6,4,6,1,10,Matches,007414dd
147,Anthony Elanga,se SWE,FW,Manchester Utd,20-288,2002,4.4,90,122,73.8,1135,292,62,82,75.6,21,29,72.4,3,3,100.0,1,0.8,1.0,+0.2,5,3,2,0,6,Matches,2fba6108
148,Harvey Elliott,eng ENG,MFFW,Liverpool,19-311,2003,12.6,546,686,79.6,8030,1998,312,349,89.4,187,236,79.2,26,52,50.0,1,2.3,2.8,-1.3,16,51,28,5,88,Matches,c8387671
149,Mohamed Elneny,eg EGY,MF,Arsenal,30-213,1992,1.3,57,60,95.0,1031,224,23,23,100.0,27,29,93.1,6,6,100.0,0,0.0,0.0,0.0,0,3,2,0,2,Matches,47a34c4f
150,Mohamed Elyounoussi,no NOR,MFFW,Southampton,28-189,1994,15.6,281,422,66.6,4094,1185,177,226,78.3,71,108,65.7,22,45,48.9,1,1.9,1.4,-0.9,14,20,14,6,32,Matches,68dc0dac
151,Emerson,br BRA,DF,Tottenham,24-026,1999,13.1,558,709,78.7,8777,2599,293,330,88.8,209,248,84.3,36,66,54.5,1,0.6,0.7,+0.4,6,35,13,3,58,Matches,df8b52a5
152,Christian Eriksen,dk DEN,MF,Manchester Utd,30-360,1992,16.5,813,1031,78.9,13451,3987,423,480,88.1,289,345,83.8,74,146,50.7,7,3.0,2.5,+4.0,25,89,17,2,104,Matches,980522ec
153,Pervis Estupiñán,ec ECU,DF,Brighton,25-019,1998,13.0,694,859,80.8,10081,3309,396,444,89.2,242,294,82.3,29,53,54.7,2,2.0,1.6,0.0,18,48,21,7,74,Matches,d38fdf53
154,Jonny Evans,nir NIR,DF,Leicester City,35-037,1988,9.0,600,672,89.3,12037,4584,171,185,92.4,359,379,94.7,64,91,70.3,0,0.0,0.1,0.0,1,40,1,0,31,Matches,f8fcd2a5
155,Eberechi Eze,eng ENG,MFFW,Crystal Palace,24-225,1998,17.0,548,694,79.0,8445,2354,317,359,88.3,167,206,81.1,45,94,47.9,3,2.8,2.0,+0.2,34,50,17,1,67,Matches,ae4fc6a4
156,Łukasz Fabiański,pl POL,GK,West Ham,37-297,1985,19.8,357,543,65.7,10981,8583,77,77,100.0,132,133,99.2,146,328,44.5,0,0.0,0.0,0.0,0,7,0,0,0,Matches,9328b835
157,Fabinho,br BRA,MF,Liverpool,29-109,1993,13.9,790,897,88.1,12874,3093,396,424,93.4,305,332,91.9,66,96,68.8,0,0.6,0.5,-0.6,6,58,7,0,78,Matches,7f3b388c
158,Wout Faes,be BEL,DF,Leicester City,24-312,1998,15.0,903,1049,86.1,17046,5916,312,351,88.9,510,545,93.6,73,132,55.3,0,0.3,0.4,-0.3,3,42,5,0,47,Matches,9c221d14
159,João Félix,pt POR,FW,Chelsea,23-091,1999,0.6,16,24,66.7,255,75,10,13,76.9,5,5,100.0,1,2,50.0,0,0.2,0.2,-0.2,1,2,0,0,3,Matches,8aafd64f
160,Evan Ferguson,ie IRL,FW,Brighton,18-113,2004,2.2,35,45,77.8,420,55,26,30,86.7,7,9,77.8,1,1,100.0,2,0.3,0.3,+1.7,3,1,2,0,3,Matches,4596da74
161,Bruno Fernandes,pt POR,MFFW,Manchester Utd,28-154,1994,21.0,800,1079,74.1,13103,4344,433,506,85.6,244,316,77.2,90,166,54.2,4,7.1,5.3,-3.1,57,70,46,5,141,Matches,507c7bdf
162,Enzo Fernández,ar ARG,MF,Chelsea,22-023,2001,1.0,64,75,85.3,1241,374,22,29,75.9,31,33,93.9,10,11,90.9,0,0.1,0.0,-0.1,1,7,0,0,7,Matches,5ff4ab71
163,Mateo Fernández,es ESP,FWMF,Leeds United,19-113,2003,0.0,1,1,100.0,10,0,1,1,100.0,0,0,,0,0,,0,0.0,0.0,0.0,0,0,0,0,0,Matches,6ad43f9a
164,Roberto Firmino,br BRA,FWMF,Liverpool,31-130,1991,10.3,342,439,77.9,4657,1482,208,242,86.0,98,124,79.0,16,24,66.7,3,1.8,1.8,+1.2,17,38,14,0,60,Matches,4c370d81
165,Junior Firpo,es ESP,DF,Leeds United,26-171,1996,2.3,79,108,73.1,1253,403,39,47,83.0,36,43,83.7,3,10,30.0,0,0.1,0.0,-0.1,2,7,0,0,6,Matches,24f59bb2
166,Phil Foden,eng ENG,FWDF,Manchester City,22-257,2000,11.6,511,637,80.2,7731,1360,304,334,91.0,153,184,83.2,32,66,48.5,4,2.0,2.1,+2.0,22,24,22,8,47,Matches,ed1e53f3
167,Datro Fofana,ci CIV,FWMF,Chelsea,20-049,2002,0.2,1,2,50.0,9,5,1,1,100.0,0,0,,0,0,,0,0.0,0.0,0.0,0,0,0,0,0,Matches,e82900ef
168,Wesley Fofana,fr FRA,DF,Leicester City,22-054,2000,2.0,117,140,83.6,1995,559,44,44,100.0,64,74,86.5,6,13,46.2,0,0.0,0.0,0.0,0,16,0,0,6,Matches,132a82f1
169,Wesley Fofana,fr FRA,DF,Chelsea,22-054,2000,2.0,172,190,90.5,2685,658,81,85,95.3,87,93,93.5,2,10,20.0,0,0.0,0.1,0.0,0,5,0,0,7,Matches,132a82f1
170,Pablo Fornals,es ESP,FWMF,West Ham,26-352,1996,10.7,351,489,71.8,6019,1793,166,190,87.4,131,172,76.2,42,86,48.8,0,1.1,1.1,-1.1,11,40,6,2,48,Matches,82927de4
171,Adam Forshaw,eng ENG,MF,Leeds United,31-124,1991,1.8,54,65,83.1,719,290,34,36,94.4,10,11,90.9,4,11,36.4,0,0.5,0.2,-0.5,2,8,0,0,8,Matches,9f1938ab
172,Fraser Forster,eng ENG,GK,Tottenham,34-329,1988,1.0,18,22,81.8,450,290,2,2,100.0,12,12,100.0,4,7,57.1,0,0.0,0.0,0.0,0,0,0,0,0,Matches,c3e39f12
173,Tyrese Francois,au AUS,FW,Fulham,22-208,2000,0.0,2,2,100.0,12,2,1,1,100.0,0,0,,0,0,,0,0.0,0.0,0.0,0,1,0,0,0,Matches,6722d4f0
174,Ryan Fraser,sct SCO,FW,Newcastle Utd,28-350,1994,3.5,85,122,69.7,1228,289,50,59,84.7,28,41,68.3,3,8,37.5,0,0.4,0.3,-0.4,5,4,4,1,9,Matches,d56543a0
175,Fred,br BRA,MF,Manchester Utd,29-341,1993,8.5,373,470,79.4,5627,1565,203,236,86.0,115,135,85.2,30,47,63.8,0,1.1,0.7,-1.1,16,29,5,1,41,Matches,b853e0ad
176,Ryan Fredericks,eng ENG,DF,Bournemouth,30-122,1992,5.0,138,202,68.3,2000,681,79,90,87.8,50,79,63.3,4,14,28.6,0,0.1,0.3,-0.1,1,4,6,1,14,Matches,c067631c
177,Remo Freuler,ch SUI,MF,Nott'ham Forest,30-300,1992,15.2,458,573,79.9,6991,2323,245,281,87.2,167,200,83.5,26,51,51.0,0,0.6,0.5,-0.6,9,34,4,3,36,Matches,98d2c2c4
178,Cody Gakpo,nl NED,FW,Liverpool,23-278,1999,2.8,27,44,61.4,362,104,15,22,68.2,9,16,56.3,1,2,50.0,0,0.1,0.1,-0.1,2,2,1,0,6,Matches,1971591f
179,Conor Gallagher,eng ENG,MFFW,Chelsea,23-003,2000,9.2,382,484,78.9,5892,1430,206,236,87.3,140,166,84.3,21,42,50.0,1,2.1,1.3,-1.1,17,39,12,5,53,Matches,c2731c10
180,Idrissa Gana Gueye,sn SEN,MF,Everton,33-136,1989,13.6,568,664,85.5,9275,2328,281,306,91.8,245,271,90.4,33,54,61.1,1,0.7,0.5,+0.3,5,52,3,0,49,Matches,72c812f3
181,Alejandro Garnacho,es ESP,FW,Manchester Utd,18-223,2004,3.6,88,112,78.6,1015,125,67,79,84.8,16,17,94.1,1,1,100.0,2,1.0,0.8,+1.0,2,1,1,0,5,Matches,7aa8adfe
182,James Garner,eng ENG,MF,Everton,21-333,2001,1.6,59,79,74.7,970,173,27,30,90.0,31,34,91.2,1,10,10.0,0,0.0,0.0,0.0,0,6,0,0,5,Matches,4e015693
183,David de Gea,es ESP,GK,Manchester Utd,32-094,1990,22.0,483,673,71.8,12009,8389,126,126,100.0,221,224,98.7,132,314,42.0,0,0.1,0.0,-0.1,1,2,1,0,0,Matches,7ba6d84e
184,Joe Gelhardt,eng ENG,FW,Leeds United,20-281,2002,2.4,43,67,64.2,518,118,23,30,76.7,11,17,64.7,2,2,100.0,2,0.5,0.4,+1.5,2,3,1,0,6,Matches,01962d0d
185,Saman Ghoddos,ir IRN,MFFW,Brentford,29-156,1993,1.0,35,48,72.9,517,176,20,22,90.9,13,17,76.5,2,8,25.0,0,0.2,0.1,-0.2,1,2,0,0,5,Matches,f7b1d4e0
186,Morgan Gibbs-White,eng ENG,FWMF,Wolves,23-013,2000,2.0,75,95,78.9,1122,345,47,58,81.0,17,21,81.0,7,9,77.8,0,0.1,0.2,-0.1,1,10,1,0,12,Matches,32f60ed8
187,Morgan Gibbs-White,eng ENG,MFFW,Nott'ham Forest,23-013,2000,16.3,345,563,61.3,5506,2028,176,234,75.2,105,149,70.5,45,125,36.0,4,4.7,3.3,-0.7,37,35,25,4,69,Matches,32f60ed8
188,Billy Gilmour,sct SCO,MF,Brighton,21-243,2001,1.8,142,154,92.2,2460,520,63,67,94.0,64,67,95.5,13,16,81.3,0,0.1,0.4,-0.1,1,10,4,0,17,Matches,df10e27c
189,Degnand Gnonto,it ITA,FWMF,Leeds United,19-096,2003,8.0,181,266,68.0,2161,597,116,142,81.7,43,59,72.9,4,8,50.0,1,1.2,1.4,-0.2,14,4,11,2,15,Matches,75fdd638
190,Ben Godfrey,eng ENG,DF,Everton,25-025,1998,2.3,69,87,79.3,1244,342,27,29,93.1,37,45,82.2,5,10,50.0,0,0.1,0.0,-0.1,1,7,0,0,5,Matches,9f7c837d
191,Toti Gomes,pt POR,DF,Wolves,24-024,1999,3.4,147,173,85.0,2671,966,62,64,96.9,74,83,89.2,11,25,44.0,0,0.1,0.0,-0.1,1,10,1,0,7,Matches,f0caab96
192,Joe Gomez,eng ENG,DF,Liverpool,25-262,1997,12.3,869,1029,84.5,17498,5673,248,284,87.3,513,560,91.6,95,154,61.7,0,0.2,0.2,-0.2,1,97,2,0,83,Matches,7a11550b
193,Sergio Gómez,es ESP,DFMF,Manchester City,22-158,2000,1.2,72,88,81.8,1166,315,33,38,86.8,30,35,85.7,5,6,83.3,1,0.4,0.2,+0.6,2,8,2,0,7,Matches,01e5f06e
194,Anthony Gordon,eng ENG,FW,Newcastle Utd,21-350,2001,0.2,10,11,90.9,117,65,7,8,87.5,3,3,100.0,0,0,,0,0.1,0.2,-0.1,1,2,0,0,1,Matches,2bd83368
195,Anthony Gordon,eng ENG,FW,Everton,21-350,2001,12.2,193,280,68.9,2905,625,110,135,81.5,66,89,74.2,11,27,40.7,0,0.6,0.5,-0.6,8,8,11,2,19,Matches,2bd83368
196,Demarai Gray,eng ENG,FWMF,Everton,26-226,1996,18.7,432,632,68.4,7490,1659,210,234,89.7,158,210,75.2,51,139,36.7,1,2.7,3.1,-1.7,26,25,17,6,38,Matches,4468ec10
197,Jack Grealish,eng ENG,FW,Manchester City,27-152,1995,11.6,465,556,83.6,6746,1210,294,318,92.5,139,160,86.9,23,40,57.5,3,3.6,3.5,-0.6,26,15,17,0,41,Matches,b0b4fd3e
198,Sam Greenwood,eng ENG,MFFW,Leeds United,21-014,2002,3.5,88,143,61.5,1540,654,48,56,85.7,24,42,57.1,14,40,35.0,2,0.8,0.8,+1.2,10,11,1,0,11,Matches,f3354c07
199,Pascal Groß,de GER,MFDF,Brighton,31-239,1991,19.2,874,1147,76.2,14330,4203,445,499,89.2,334,408,81.9,69,172,40.1,3,5.1,3.8,-2.1,41,78,30,3,133,Matches,8aec0537
200,Vicente Guaita,es ESP,GK,Crystal Palace,36-030,1987,21.0,491,672,73.1,12345,8073,136,138,98.6,200,205,97.6,144,314,45.9,0,0.0,0.0,0.0,0,3,0,0,1,Matches,ab13a5aa
201,Gonçalo Guedes,pt POR,FWMF,Wolves,26-072,1996,7.9,138,201,68.7,2297,526,82,97,84.5,40,56,71.4,13,26,50.0,1,0.5,0.5,+0.5,9,11,8,2,16,Matches,e6bc67d7
202,Marc Guéhi,eng ENG,DF,Crystal Palace,22-211,2000,20.0,1021,1172,87.1,20447,7820,326,358,91.1,584,619,94.3,106,182,58.2,0,0.2,0.2,-0.2,3,69,0,0,64,Matches,d0706b27
203,Bruno Guimarães,br BRA,MF,Newcastle Utd,25-085,1997,15.5,692,848,81.6,11974,3362,333,376,88.6,259,302,85.8,77,114,67.5,3,1.8,1.5,+1.2,18,72,29,1,110,Matches,82518f62
204,İlkay Gündoğan,de GER,MF,Manchester City,32-108,1990,13.9,696,797,87.3,10663,2506,382,415,92.0,240,265,90.6,50,64,78.1,2,2.5,2.1,-0.5,28,81,22,0,101,Matches,819b3158
205,Darko Gyabi,eng ENG,FW,Leeds United,18-356,2004,0.1,4,4,100.0,72,17,1,1,100.0,3,3,100.0,0,0,,0,0.0,0.0,0.0,0,0,0,0,2,Matches,56d838f7
206,Erling Haaland,no NOR,FW,Manchester City,22-203,2000,18.2,213,289,73.7,2684,525,123,154,79.9,65,85,76.5,5,6,83.3,3,3.0,2.4,0.0,17,9,14,0,34,Matches,1f44ac21
207,Lewis Hall,eng ENG,DFMF,Chelsea,18-154,2004,3.4,147,195,75.4,2592,748,79,92,85.9,52,68,76.5,16,26,61.5,0,0.3,0.2,-0.3,4,10,3,1,9,Matches,da011f18
208,Luke Harris,wls WAL,MFFW,Fulham,17-312,2005,0.1,13,14,92.9,172,25,9,9,100.0,4,5,80.0,0,0,,0,0.0,0.0,0.0,0,1,0,0,1,Matches,8c3078cd
209,Jack Harrison,eng ENG,FWMF,Leeds United,26-081,1996,14.8,381,599,63.6,5391,2004,229,279,82.1,103,170,60.6,24,79,30.4,4,2.7,2.8,+1.3,30,36,24,8,57,Matches,aa849a12
210,Kai Havertz,de GER,FWMF,Chelsea,23-243,1999,16.7,393,491,80.0,4834,1025,253,307,82.4,106,121,87.6,7,10,70.0,1,1.4,1.3,-0.4,18,26,13,1,49,Matches,fed7cb61
211,Jan Paul van Hecke,nl NED,DF,Brighton,22-246,2000,0.9,93,97,95.9,1886,436,20,20,100.0,68,70,97.1,5,6,83.3,0,0.0,0.0,0.0,0,12,0,0,9,Matches,4fd08daa
212,Hwang Hee-chan,kr KOR,FW,Wolves,27-014,1996,7.7,127,167,76.0,1824,418,75,94,79.8,39,48,81.3,7,9,77.8,1,1.0,0.4,0.0,8,7,6,1,19,Matches,169fd162
213,Dean Henderson,eng ENG,GK,Nott'ham Forest,25-334,1997,18.0,425,671,63.3,12543,8838,80,80,100.0,186,188,98.9,159,400,39.8,0,0.0,0.0,0.0,0,11,1,0,0,Matches,e5a76dfe
214,Jordan Henderson,eng ENG,MF,Liverpool,32-237,1990,10.2,619,759,81.6,10582,2830,305,336,90.8,233,279,83.5,61,100,61.0,0,1.1,1.5,-1.1,13,77,20,3,83,Matches,935e6b8f
215,Wayne Hennessey,wls WAL,GK,Nott'ham Forest,36-016,1987,2.0,45,56,80.4,1510,1133,3,3,100.0,22,22,100.0,20,31,64.5,0,0.0,0.0,0.0,0,2,0,0,0,Matches,76eca7e2
216,Rico Henry,eng ENG,DF,Brentford,25-216,1997,19.9,450,629,71.5,6883,2311,256,298,85.9,148,210,70.5,32,83,38.6,2,1.5,1.7,+0.5,13,36,20,9,59,Matches,8a3c1dc7
217,Son Heung-min,kr KOR,MFFW,Tottenham,30-216,1992,18.2,391,546,71.6,5110,1490,246,284,86.6,98,141,69.5,17,57,29.8,3,3.4,2.3,-0.4,33,19,19,3,42,Matches,92e7e919
218,Aaron Hickey,sct SCO,DF,Brentford,20-244,2002,8.2,256,316,81.0,3714,1101,157,174,90.2,83,101,82.2,10,25,40.0,0,0.0,0.1,0.0,1,25,5,1,32,Matches,1780bb4a
219,Joseph Hodge,ie IRL,MF,Wolves,20-148,2002,1.9,69,87,79.3,1067,354,41,45,91.1,19,22,86.4,5,7,71.4,0,0.1,0.0,-0.1,1,7,1,0,7,Matches,bd8a5d95
220,Rob Holding,eng ENG,DF,Arsenal,27-142,1995,0.2,5,6,83.3,103,21,1,1,100.0,4,4,100.0,0,1,0.0,0,0.0,0.0,0.0,0,0,0,0,1,Matches,d79a8c87
221,Mason Holgate,eng ENG,DF,Everton,26-110,1996,3.6,107,148,72.3,2196,526,34,41,82.9,56,63,88.9,16,40,40.0,0,0.3,0.1,-0.3,3,9,1,0,9,Matches,d0042ab9
222,Will Hughes,eng ENG,MF,Crystal Palace,27-298,1995,3.6,115,158,72.8,1726,564,66,76,86.8,39,55,70.9,7,16,43.8,0,0.0,0.1,0.0,1,10,3,0,13,Matches,a0666d3e
223,Omari Hutchinson,eng ENG,FW,Chelsea,19-102,2003,0.3,8,12,66.7,109,4,6,7,85.7,1,1,100.0,1,2,50.0,0,0.0,0.0,0.0,0,0,0,0,0,Matches,bd9553e6
224,Pierre Højbjerg,dk DEN,MF,Tottenham,27-188,1995,20.8,1217,1379,88.3,21792,5774,528,579,91.2,494,539,91.7,147,185,79.5,3,2.2,2.0,+0.8,20,118,24,5,135,Matches,8b04d6c1
225,Kelechi Iheanacho,ng NGA,FWMF,Leicester City,26-129,1996,4.1,91,116,78.4,1171,218,60,70,85.7,21,26,80.8,4,7,57.1,3,1.9,0.6,+1.1,11,5,4,0,8,Matches,c92e1a31
226,Danny Ings,eng ENG,FW,West Ham,30-201,1992,0.3,5,8,62.5,103,84,2,3,66.7,1,1,100.0,1,2,50.0,0,0.2,0.2,-0.2,1,1,0,0,2,Matches,07802f7f
227,Danny Ings,eng ENG,FW,Aston Villa,30-201,1992,9.2,114,162,70.4,1371,289,76,97,78.4,27,34,79.4,3,12,25.0,0,1.2,0.6,-1.2,9,7,4,0,12,Matches,07802f7f
228,Alexander Isak,se SWE,FW,Newcastle Utd,23-141,1999,3.2,30,44,68.2,414,105,16,27,59.3,10,12,83.3,2,2,100.0,0,0.5,0.1,-0.5,5,3,2,0,5,Matches,8e92be30
229,Alex Iwobi,ng NGA,MF,Everton,26-282,1996,20.8,721,914,78.9,12707,3419,331,381,86.9,292,356,82.0,79,120,65.8,5,3.0,2.2,+2.0,33,77,24,7,101,Matches,6ca5ec4b
230,Daniel James,wls WAL,FW,Leeds United,25-091,1997,2.2,24,40,60.0,256,66,18,22,81.8,5,10,50.0,0,3,0.0,0,0.3,0.3,-0.3,1,1,3,1,3,Matches,c931d9f9
231,Daniel James,wls WAL,FW,Fulham,25-091,1997,4.0,76,117,65.0,1026,214,53,62,85.5,19,33,57.6,2,8,25.0,0,0.3,0.2,-0.3,4,2,6,1,12,Matches,c931d9f9
232,Reece James,eng ENG,DFMF,Chelsea,23-063,1999,7.4,472,555,85.0,7635,2006,244,261,93.5,175,204,85.8,40,59,67.8,1,1.6,1.2,-0.6,9,27,9,2,43,Matches,1265a93a
233,Vitaly Janelt,de GER,MFDF,Brentford,24-275,1998,15.0,485,617,78.6,8376,2381,246,282,87.2,174,213,81.7,55,87,63.2,1,0.8,0.7,+0.2,8,43,10,4,44,Matches,8449d35e
234,Pontus Jansson,se SWE,DF,Brentford,31-361,1991,5.7,196,241,81.3,3815,1212,54,65,83.1,124,139,89.2,18,31,58.1,0,0.0,0.1,0.0,0,9,0,0,13,Matches,172e52d8
235,Mathias Jensen,dk DEN,MF,Brentford,27-039,1996,17.6,601,884,68.0,11785,4374,267,327,81.7,216,305,70.8,102,205,49.8,4,2.1,2.1,+1.9,23,69,17,6,72,Matches,0f134faf
236,Gabriel Jesus,br BRA,FW,Arsenal,25-312,1997,13.5,325,402,80.8,4807,1068,176,207,85.0,113,128,88.3,17,25,68.0,5,2.8,1.7,+2.2,22,23,12,1,38,Matches,b66315ae
237,Raúl Jiménez,mx MEX,FW,Wolves,31-280,1991,3.6,44,63,69.8,534,114,31,37,83.8,10,16,62.5,1,4,25.0,0,0.5,0.3,-0.5,3,3,2,0,6,Matches,b561db50
238,Joelinton,br BRA,MFFW,Newcastle Utd,26-179,1996,17.8,596,734,81.2,8723,2347,338,389,86.9,201,223,90.1,32,43,74.4,1,1.8,1.6,-0.8,19,45,16,3,78,Matches,c17bfb65
239,Ben Johnson,eng ENG,DF,West Ham,23-016,2000,6.0,246,337,73.0,4590,1607,100,115,87.0,116,136,85.3,26,65,40.0,0,0.2,0.3,-0.2,3,18,5,3,23,Matches,9319781b
240,Brennan Johnson,wls WAL,FW,Nott'ham Forest,21-262,2001,19.0,165,300,55.0,2311,524,87,129,67.4,56,100,56.0,9,24,37.5,2,2.6,1.2,-0.6,17,8,11,2,23,Matches,0cd31129
241,Curtis Jones,eng ENG,MFFW,Liverpool,22-010,2001,2.1,118,138,85.5,1781,441,63,71,88.7,46,49,93.9,5,8,62.5,0,0.2,0.3,-0.2,2,9,3,0,17,Matches,4fb9c88f
242,Jorginho,it ITA,MF,Arsenal,31-051,1991,0.4,24,30,80.0,339,100,10,12,83.3,7,8,87.5,2,4,50.0,0,0.0,0.0,0.0,0,1,0,0,4,Matches,45db685d
243,Jorginho,it ITA,MF,Chelsea,31-051,1991,14.2,750,884,84.8,11997,3510,380,422,90.0,301,348,86.5,51,74,68.9,0,0.4,0.4,-0.4,7,87,9,0,80,Matches,45db685d
244,Diogo Jota,pt POR,FWMF,Liverpool,26-067,1996,2.2,38,64,59.4,540,216,21,33,63.6,10,16,62.5,3,6,50.0,1,0.8,0.3,+0.2,7,4,2,1,9,Matches,178ae8f8
245,Hamed Junior Traorè,ci CIV,FW,Bournemouth,22-358,2000,0.7,12,20,60.0,215,99,6,6,100.0,3,7,42.9,2,2,100.0,0,0.0,0.2,0.0,1,1,2,1,3,Matches,570bb4b9
246,James Justin,eng ENG,DF,Leicester City,24-351,1998,13.9,667,819,81.4,10404,3063,371,408,90.9,239,282,84.8,39,81,48.1,0,0.3,0.5,-0.3,7,48,12,7,47,Matches,fb614c44
247,Mathias Jørgensen,dk DEN,DF,Brentford,32-292,1990,8.3,272,339,80.2,4632,1970,118,133,88.7,138,170,81.2,12,29,41.4,0,0.1,0.1,-0.1,1,23,0,0,22,Matches,0db5d2c8
248,Sasa Kalajdzic,at AUT,FW,Wolves,25-217,1997,0.5,2,4,50.0,26,0,1,2,50.0,1,1,100.0,0,0,,0,0.0,0.0,0.0,0,0,0,0,0,Matches,15f24fe7
249,Boubacar Kamara,fr FRA,MF,Aston Villa,23-078,1999,13.3,603,717,84.1,9971,2945,296,333,88.9,227,250,90.8,55,75,73.3,1,0.3,0.3,+0.7,5,50,4,0,68,Matches,cc77354e
250,Harry Kane,eng ENG,FW,Tottenham,29-196,1993,21.8,360,518,69.5,6673,2407,167,213,78.4,126,162,77.8,54,86,62.8,1,3.4,1.9,-2.4,37,51,30,4,105,Matches,21a66f6a
251,N'Golo Kanté,fr FRA,MF,Chelsea,31-317,1991,1.9,107,129,82.9,1516,296,70,73,95.9,31,39,79.5,3,7,42.9,0,0.3,0.3,-0.3,3,9,3,1,9,Matches,b9fbae28
252,Michael Keane,eng ENG,DF,Everton,30-029,1993,0.3,2,4,50.0,21,8,2,2,100.0,0,1,0.0,0,0,,0,0.0,0.0,0.0,0,1,0,0,0,Matches,c5b7c315
253,Neeskens Kebano,cd COD,FW,Fulham,30-336,1992,7.9,139,188,73.9,1850,476,83,94,88.3,40,53,75.5,4,9,44.4,3,1.4,0.8,+1.6,11,2,9,3,21,Matches,18b999f4
254,Thilo Kehrer,de GER,DF,West Ham,26-141,1996,15.5,625,753,83.0,11007,3853,259,297,87.2,318,352,90.3,40,73,54.8,0,0.2,0.2,-0.2,2,37,1,0,34,Matches,51dbeea9
255,Naby Keïta,gn GUI,MF,Liverpool,27-364,1995,2.7,111,145,76.6,1575,494,64,75,85.3,37,48,77.1,6,8,75.0,0,0.6,0.2,-0.6,7,15,2,0,15,Matches,f25c8e3a
256,Lloyd Kelly,eng ENG,DF,Bournemouth,24-126,1998,10.0,388,490,79.2,7746,3403,112,128,87.5,214,236,90.7,51,104,49.0,2,0.1,0.4,+1.9,3,29,3,2,15,Matches,f31def1e
257,Max Kilman,eng ENG,DF,Wolves,25-262,1997,21.0,1008,1216,82.9,19529,7262,354,380,93.2,545,593,91.9,98,217,45.2,0,0.0,0.2,0.0,1,79,4,0,76,Matches,d0f72bf1
258,Mateusz Klich,pl POL,MFFW,Leeds United,32-241,1990,3.1,108,148,73.0,1411,387,61,69,88.4,28,34,82.4,5,17,29.4,0,0.2,0.2,-0.2,5,6,5,0,16,Matches,282679b4
259,Robin Koch,de GER,DF,Leeds United,26-207,1996,19.5,702,922,76.1,13583,6314,230,273,84.2,385,452,85.2,77,161,47.8,0,0.1,0.2,-0.1,1,69,3,0,63,Matches,ea6bc03a
260,Ibrahima Konaté,fr FRA,DF,Liverpool,23-260,1999,4.2,231,269,85.9,4039,1693,91,103,88.3,124,139,89.2,13,21,61.9,0,0.0,0.2,0.0,0,10,1,0,12,Matches,5ed9b537
261,Ezri Konsa,eng ENG,DF,Aston Villa,25-109,1997,19.9,881,1023,86.1,16183,5516,324,355,91.3,480,520,92.3,69,124,55.6,0,0.5,0.4,-0.5,4,38,4,2,25,Matches,0313a347
262,Kalidou Koulibaly,sn SEN,DF,Chelsea,31-234,1991,12.4,820,958,85.6,14335,5530,368,391,94.1,375,418,89.7,63,120,52.5,0,0.4,0.3,-0.4,5,57,5,0,54,Matches,da974c7b
263,Cheikhou Kouyaté,sn SEN,MFDF,Nott'ham Forest,33-050,1989,7.8,159,206,77.2,2545,705,79,101,78.2,51,60,85.0,17,23,73.9,0,0.6,0.3,-0.6,5,11,2,0,16,Matches,8d3c902d
264,Mateo Kovačić,hr CRO,MF,Chelsea,28-279,1994,9.3,537,641,83.8,8853,2709,264,300,88.0,219,244,89.8,36,63,57.1,1,1.1,1.1,-0.1,10,78,12,1,76,Matches,79c0821a
265,Emil Krafth,se SWE,DF,Newcastle Utd,28-191,1994,0.0,0,0,,0,0,0,0,,0,0,,0,0,,0,0.0,0.0,0.0,0,0,0,0,0,Matches,77cf6852
266,Dejan Kulusevski,se SWE,MFFW,Tottenham,22-290,2000,11.7,300,393,76.3,4127,1120,169,203,83.3,99,126,78.6,12,24,50.0,5,2.7,3.4,+2.3,25,8,21,6,37,Matches,df3cda47
267,Layvin Kurzawa,fr FRA,DF,Fulham,30-158,1992,1.5,28,41,68.3,408,135,12,13,92.3,14,19,73.7,0,3,0.0,0,0.0,0.0,0.0,0,1,1,1,2,Matches,41e7ef1c
268,Adam Lallana,eng ENG,MFFW,Brighton,34-275,1988,8.0,262,317,82.6,3033,656,173,194,89.2,57,74,77.0,6,9,66.7,1,1.0,1.2,0.0,14,23,9,1,33,Matches,99813635
269,Tariq Lamptey,gh GHA,DF,Brighton,22-132,2000,4.4,200,254,78.7,2923,734,108,126,85.7,81,95,85.3,4,20,20.0,0,0.1,0.6,-0.1,3,12,8,5,23,Matches,f4e433d4
270,Manuel Lanzini,ar ARG,MFFW,West Ham,29-359,1993,1.4,68,83,81.9,1099,257,31,38,81.6,29,32,90.6,5,8,62.5,0,0.0,0.1,0.0,0,6,2,0,12,Matches,26f6dca8
271,Aymeric Laporte,es ESP,DF,Manchester City,28-258,1994,4.2,288,314,91.7,4901,1416,133,140,95.0,131,141,92.9,20,26,76.9,0,0.1,0.2,-0.1,3,32,5,0,28,Matches,119b9a8e
272,Juan Larios,es ESP,DF,Southampton,19-028,2004,1.7,63,82,76.8,881,326,40,46,87.0,21,27,77.8,2,4,50.0,0,0.0,0.0,0.0,0,5,0,0,4,Matches,cf7fb13a
273,Jamaal Lascelles,eng ENG,DF,Newcastle Utd,29-090,1993,1.2,21,26,80.8,433,190,4,6,66.7,14,16,87.5,3,3,100.0,0,0.0,0.0,0.0,0,1,0,0,1,Matches,450ab6fc
274,Roméo Lavia,be BEL,MF,Southampton,19-034,2004,8.9,302,348,86.8,5485,1457,128,145,88.3,140,151,92.7,31,38,81.6,0,0.2,0.3,-0.2,4,39,5,0,33,Matches,ecad9aa5
275,Dexter Lembikisa,jm JAM,DF,Wolves,19-097,2003,0.3,10,13,76.9,180,73,5,5,100.0,5,5,100.0,0,0,,0,0.0,0.0,0.0,0,2,0,0,3,Matches,0bdda685
276,Mario Lemina,ga GAB,MF,Wolves,29-161,1993,1.8,62,72,86.1,1085,284,30,34,88.2,28,30,93.3,4,6,66.7,0,0.1,0.3,-0.1,1,3,3,1,6,Matches,2b471f99
277,Clément Lenglet,fr FRA,DF,Tottenham,27-237,1995,10.4,632,720,87.8,11887,4556,229,232,98.7,334,368,90.8,59,100,59.0,2,0.6,0.6,+1.4,5,41,4,3,41,Matches,4f28a6ff
278,Bernd Leno,de GER,GK,Fulham,30-342,1992,20.0,568,733,77.5,14179,8934,145,145,100.0,288,290,99.3,135,296,45.6,0,0.0,0.0,0.0,1,8,0,0,0,Matches,2628fd2b
279,Jefferson Lerma,co COL,MFDF,Bournemouth,28-107,1994,20.9,743,909,81.7,11655,4132,361,416,86.8,308,346,89.0,43,90,47.8,0,0.5,1.2,-0.5,8,63,13,1,67,Matches,9b5ce51a
280,Jamal Lewis,nir NIR,DF,Newcastle Utd,25-015,1998,0.1,10,12,83.3,163,71,2,2,100.0,7,8,87.5,0,0,,0,0.0,0.0,0.0,0,0,0,0,1,Matches,efb9215a
281,Rico Lewis,eng ENG,DFMF,Manchester City,18-080,2004,5.0,318,346,91.9,4603,674,195,202,96.5,107,114,93.9,9,13,69.2,0,0.8,0.8,-0.8,6,16,6,3,21,Matches,b57e066e
282,Keane Lewis-Potter,eng ENG,FWMF,Brentford,21-352,2001,3.4,40,70,57.1,489,91,26,40,65.0,10,13,76.9,1,8,12.5,1,1.2,0.3,-0.2,5,0,2,1,4,Matches,41f08ac8
283,Victor Lindelöf,se SWE,DF,Manchester Utd,28-207,1994,5.0,292,316,92.4,5149,1695,104,111,93.7,166,172,96.5,19,30,63.3,0,0.0,0.0,0.0,0,17,0,0,15,Matches,f5deef4c
284,Jesse Lingard,eng ENG,FWMF,Nott'ham Forest,30-056,1992,9.6,211,266,79.3,3160,862,108,122,88.5,80,95,84.2,11,24,45.8,0,0.7,0.5,-0.7,10,26,7,1,32,Matches,810e3c74
285,Diego Llorente,es ESP,DF,Leeds United,29-177,1993,7.2,356,429,83.0,6969,2284,118,130,90.8,203,228,89.0,33,59,55.9,0,0.0,0.0,0.0,0,17,0,0,27,Matches,bba30585
286,Hugo Lloris,fr FRA,GK,Tottenham,36-045,1986,21.0,493,625,78.9,11886,7412,151,153,98.7,211,212,99.5,131,256,51.2,0,0.0,0.0,0.0,0,12,0,0,0,Matches,8f62b6ee
287,Renan Lodi,br BRA,DF,Nott'ham Forest,24-307,1998,11.2,327,467,70.0,5695,1834,153,176,86.9,135,184,73.4,31,82,37.8,0,0.5,0.5,-0.5,5,13,8,4,18,Matches,ed9f7cfe
288,Ruben Loftus-Cheek,eng ENG,MFDF,Chelsea,27-017,1996,10.6,461,546,84.4,6917,1888,272,308,88.3,157,176,89.2,23,29,79.3,0,0.9,1.2,-0.9,7,50,10,0,64,Matches,e97fd090
289,Sean Longstaff,eng ENG,MF,Newcastle Utd,25-102,1997,17.7,590,749,78.8,9857,2855,285,333,85.6,230,269,85.5,55,94,58.5,3,2.8,2.1,+0.2,18,54,13,4,77,Matches,a2b105e0
290,Jamal Lowe,jm JAM,MFFW,Bournemouth,28-203,1994,0.1,2,4,50.0,18,3,1,1,100.0,0,0,,0,1,0.0,0,0.0,0.0,0.0,0,0,1,0,1,Matches,b2856bc0
291,Douglas Luiz,br BRA,MF,Aston Villa,24-276,1998,15.9,774,937,82.6,13389,3316,333,373,89.3,321,369,87.0,82,141,58.2,4,2.5,1.6,+1.5,26,52,11,3,63,Matches,6f7d826d
292,Lyanco,br BRA,DF,Southampton,26-008,1997,7.6,237,330,71.8,4344,1580,95,104,91.3,110,147,74.8,22,61,36.1,0,0.1,0.1,-0.1,1,19,1,0,19,Matches,b5bf1770
293,Alexis Mac Allister,ar ARG,MF,Brighton,24-047,1998,16.2,842,954,88.3,13929,3363,407,446,91.3,359,382,94.0,56,78,71.8,0,1.1,1.3,-1.1,16,77,11,1,73,Matches,83d074ff
294,James Maddison,eng ENG,MFFW,Leicester City,26-078,1996,13.2,465,605,76.9,7916,2282,220,249,88.4,177,222,79.7,50,97,51.5,4,3.0,2.7,+1.0,33,68,12,2,83,Matches,ee38d9c5
295,Noni Madueke,eng ENG,FW,Chelsea,20-336,2002,0.5,21,30,70.0,300,116,13,15,86.7,4,9,44.4,2,3,66.7,0,0.1,0.0,-0.1,2,5,1,0,4,Matches,bf34eebd
296,Harry Maguire,eng ENG,DF,Manchester Utd,29-341,1993,4.3,215,245,87.8,4169,1190,76,79,96.2,105,119,88.2,29,41,70.7,0,0.0,0.0,0.0,1,19,0,0,10,Matches,d8931174
297,Riyad Mahrez,dz ALG,FWMF,Manchester City,31-353,1991,10.0,479,568,84.3,7924,1550,257,284,90.5,168,193,87.0,47,71,66.2,3,3.2,2.9,-0.2,23,22,24,6,46,Matches,892d5bb1
298,Ainsley Maitland-Niles,eng ENG,MFDF,Southampton,25-164,1997,6.0,215,258,83.3,3478,1097,107,123,87.0,81,92,88.0,21,31,67.7,0,0.4,0.4,-0.4,5,23,5,3,22,Matches,e3a5814e
299,Tyrell Malacia,nl NED,DF,Manchester Utd,23-176,1999,9.4,371,447,83.0,5176,1617,247,267,92.5,94,115,81.7,17,35,48.6,0,0.1,0.4,-0.1,1,24,2,0,27,Matches,6b6c793c
300,Orel Mangala,be BEL,MF,Nott'ham Forest,24-328,1998,7.1,203,253,80.2,2986,791,112,124,90.3,72,84,85.7,11,24,45.8,0,0.1,0.1,-0.1,2,18,2,0,25,Matches,a572e291
301,Javier Manquillo,es ESP,DF,Newcastle Utd,28-280,1994,0.1,4,7,57.1,68,34,2,3,66.7,2,3,66.7,0,0,,0,0.0,0.0,0.0,0,0,0,0,1,Matches,758dd7f0
302,Sekou Mara,fr FRA,FWMF,Southampton,20-194,2002,3.6,40,56,71.4,549,140,23,30,76.7,9,9,100.0,3,5,60.0,1,0.5,0.2,+0.5,4,6,2,0,5,Matches,3544641e
303,Solly March,eng ENG,FWDF,Brighton,28-204,1994,19.1,577,796,72.5,10290,2385,267,313,85.3,228,299,76.3,66,127,52.0,4,2.7,2.8,+1.3,27,36,28,8,81,Matches,bb5fbd2b
304,Emiliano Marcondes,dk DEN,MF,Bournemouth,27-337,1995,0.1,1,1,100.0,56,37,0,0,,0,0,,1,1,100.0,0,0.0,0.0,0.0,0,1,0,0,1,Matches,4d960fc3
305,Marquinhos,br BRA,MF,Arsenal,19-308,2003,0.0,2,3,66.7,34,5,1,2,50.0,1,1,100.0,0,0,,0,0.0,0.0,0.0,0,0,0,0,0,Matches,59878425
306,Anthony Martial,fr FRA,FW,Manchester Utd,27-066,1995,5.1,107,133,80.5,1316,409,70,78,89.7,28,33,84.8,2,6,33.3,2,0.9,0.8,+1.1,5,9,4,0,15,Matches,8b788c01
307,Martinelli,br BRA,FW,Arsenal,21-236,2001,18.5,481,664,72.4,7753,1663,251,295,85.1,174,218,79.8,44,93,47.3,2,5.0,4.3,-3.0,37,23,26,3,64,Matches,48a5a5d6
308,Emiliano Martínez,ar ARG,GK,Aston Villa,30-160,1992,18.4,482,649,74.3,12794,8507,89,89,100.0,261,264,98.9,131,290,45.2,0,0.3,0.2,-0.3,2,13,0,0,0,Matches,7956236f
309,Lisandro Martínez,ar ARG,DF,Manchester Utd,25-022,1998,17.4,981,1131,86.7,17634,6029,388,414,93.7,508,543,93.6,70,145,48.3,0,0.2,1.0,-0.2,5,67,5,0,59,Matches,bac46a10
310,Pape Matar Sarr,sn SEN,MF,Tottenham,20-148,2002,1.2,73,79,92.4,1100,232,35,37,94.6,34,36,94.4,1,3,33.3,0,0.0,0.0,0.0,1,6,0,0,10,Matches,feb5d972
311,Jean-Philippe Mateta,fr FRA,FW,Crystal Palace,25-226,1997,4.9,68,94,72.3,791,117,46,59,78.0,12,17,70.6,3,3,100.0,0,0.6,0.1,-0.6,5,4,0,0,4,Matches,50e6dc35
312,Joël Matip,cm CMR,DF,Liverpool,31-185,1991,7.1,407,481,84.6,7539,2518,150,174,86.2,218,238,91.6,34,55,61.8,0,0.1,0.2,-0.1,2,29,5,0,30,Matches,b217ef29
313,Neal Maupay,fr FRA,FW,Everton,26-179,1996,7.9,115,154,74.7,1503,148,81,95,85.3,29,38,76.3,3,5,60.0,0,0.5,0.1,-0.5,5,6,2,0,7,Matches,4bcf39f6
314,Kevin Mbabu,ch SUI,DFFW,Fulham,27-296,1995,1.6,68,94,72.3,1051,383,40,43,93.0,24,35,68.6,4,9,44.4,1,0.4,0.4,+0.6,2,4,5,3,8,Matches,493924a7
315,Bryan Mbeumo,cm CMR,FW,Brentford,23-186,1999,17.6,318,476,66.8,4958,1505,182,224,81.3,92,144,63.9,29,59,49.2,2,2.3,2.3,-0.3,22,15,24,8,42,Matches,6afaebf2
316,John McGinn,sct SCO,MF,Aston Villa,28-114,1994,13.6,397,527,75.3,7212,2636,190,221,86.0,144,179,80.4,52,89,58.4,1,1.3,1.9,-0.3,8,62,11,4,60,Matches,90f91999
317,Scott McKenna,sct SCO,DF,Nott'ham Forest,26-089,1996,16.2,550,691,79.6,10959,4150,157,185,84.9,323,376,85.9,64,115,55.7,0,0.8,0.3,-0.8,7,34,3,1,33,Matches,4e5a4cbc
318,Weston McKennie,us USA,MF,Leeds United,24-165,1998,1.4,42,61,68.9,603,126,26,36,72.2,13,17,76.5,1,3,33.3,0,0.0,0.0,0.0,0,4,1,0,10,Matches,01c3aff5
319,Dwight McNeil,eng ENG,FWDF,Everton,23-079,1999,10.9,289,400,72.3,4867,1337,150,180,83.3,93,114,81.6,35,73,47.9,2,1.9,1.8,+0.1,15,17,12,5,30,Matches,fc15fb84
320,Scott McTominay,sct SCO,MF,Manchester Utd,26-063,1996,8.4,216,267,80.9,3445,945,111,134,82.8,82,94,87.2,16,24,66.7,0,0.2,0.5,-0.2,3,17,1,0,19,Matches,d93c2511
321,Ben Mee,eng ENG,DF,Brentford,33-141,1989,19.4,739,981,75.3,14124,5769,276,328,84.1,363,440,82.5,91,177,51.4,0,0.2,0.4,-0.2,3,33,4,0,32,Matches,8df7a2fb
322,Edouard Mendy,sn SEN,GK,Chelsea,30-345,1992,8.5,213,268,79.5,4987,3402,69,69,100.0,87,88,98.9,53,107,49.5,0,0.0,0.0,0.0,0,4,0,0,0,Matches,33887998
323,Nampalys Mendy,sn SEN,MF,Leicester City,30-231,1992,3.9,161,187,86.1,2465,510,86,95,90.5,64,71,90.1,6,11,54.5,0,0.0,0.1,0.0,0,9,1,0,10,Matches,1598599e
324,Chris Mepham,wls WAL,DF,Bournemouth,25-096,1997,16.9,575,696,82.6,10814,4092,197,219,90.0,322,355,90.7,52,103,50.5,0,0.2,0.5,-0.2,3,25,2,0,26,Matches,fed96827
325,Illan Meslier,fr FRA,GK,Leeds United,22-344,2000,21.0,382,636,60.1,9581,6244,92,95,96.8,191,196,97.4,98,342,28.7,0,0.0,0.0,0.0,0,7,1,0,0,Matches,6b625ac2
326,Alexander Mighten,eng ENG,FW,Nott'ham Forest,20-304,2002,0.1,1,1,100.0,11,0,1,1,100.0,0,0,,0,0,,0,0.0,0.0,0.0,0,0,0,0,0,Matches,10ec4169
327,Luka Milivojević,rs SRB,MF,Crystal Palace,31-308,1991,3.3,132,162,81.5,2256,678,61,67,91.0,57,69,82.6,11,18,61.1,0,0.2,0.2,-0.2,2,11,1,0,14,Matches,2ce2508a
328,James Milner,eng ENG,DFMF,Liverpool,37-036,1986,6.1,311,420,74.0,5740,2123,140,156,89.7,128,154,83.1,36,82,43.9,1,0.7,1.4,+0.3,9,35,11,4,40,Matches,2f90f6b8
329,Yerry Mina,co COL,DF,Everton,28-139,1994,2.6,156,174,89.7,2741,956,57,62,91.9,90,99,90.9,7,11,63.6,0,0.0,0.0,0.0,0,10,0,0,7,Matches,6d5701f2
330,Tyrone Mings,eng ENG,DF,Aston Villa,29-333,1993,19.0,797,949,84.0,15791,6234,241,264,91.3,459,495,92.7,88,170,51.8,1,0.6,0.7,+0.4,3,58,3,0,57,Matches,8397a50c
331,Tyrick Mitchell,eng ENG,DF,Crystal Palace,23-161,1999,15.2,555,780,71.2,8960,4374,280,339,82.6,237,307,77.2,29,90,32.2,2,0.7,0.8,+1.3,7,53,11,5,60,Matches,5cbd1eb0
332,Kaoru Mitoma,jp JPN,FWDF,Brighton,25-265,1997,9.3,319,402,79.4,4296,929,212,238,89.1,89,115,77.4,7,15,46.7,1,2.6,2.7,-1.6,13,14,15,0,36,Matches,74618572
333,Aleksandar Mitrović,rs SRB,FW,Fulham,28-146,1994,17.2,226,376,60.1,3494,772,131,197,66.5,67,104,64.4,22,36,61.1,1,2.0,1.1,-1.0,13,19,7,1,34,Matches,3925dbd6
334,Kieffer Moore,wls WAL,FW,Bournemouth,30-185,1992,12.4,186,317,58.7,2565,459,103,165,62.4,54,84,64.3,10,18,55.6,0,0.3,0.4,-0.3,4,16,5,0,20,Matches,01ce9e70
335,Andrew Moran,ie IRL,FW,Brighton,19-117,2003,0.1,1,2,50.0,13,0,1,1,100.0,0,1,0.0,0,0,,0,0.0,0.0,0.0,0,0,0,0,0,Matches,c4720845
336,Álex Moreno,es ESP,DF,Aston Villa,29-246,1993,2.4,116,166,69.9,1523,517,67,82,81.7,39,54,72.2,2,9,22.2,0,0.3,0.2,-0.3,3,3,3,2,6,Matches,16e9d0ea
337,Mason Mount,eng ENG,MFFW,Chelsea,24-030,1999,16.8,550,730,75.3,8284,2124,324,379,85.5,159,208,76.4,43,81,53.1,2,2.9,2.4,-0.9,29,53,25,5,92,Matches,9674002f
338,Lucas Moura,br BRA,MFDF,Tottenham,30-180,1992,1.1,38,54,70.4,493,138,26,32,81.3,11,16,68.8,0,1,0.0,0,0.0,0.1,0.0,1,2,4,1,7,Matches,2b622f01
339,João Moutinho,pt POR,MF,Wolves,36-154,1986,15.0,667,815,81.8,12479,3301,235,266,88.3,344,393,87.5,73,108,67.6,2,2.1,1.5,-0.1,27,86,19,4,110,Matches,f5a00fa4
340,Divin Mubama,eng ENG,FW,West Ham,18-107,2004,0.0,1,1,100.0,14,0,1,1,100.0,0,0,,0,0,,0,0.0,0.0,0.0,0,0,0,0,0,Matches,92868cb5
341,Mykhailo Mudryk,ua UKR,FW,Chelsea,22-035,2001,0.9,24,31,77.4,249,101,18,24,75.0,3,3,100.0,0,1,0.0,0,0.0,0.2,0.0,0,4,2,0,5,Matches,049a888d
342,Jacob Murphy,eng ENG,FW,Newcastle Utd,27-350,1995,6.1,114,184,62.0,1689,413,67,85,78.8,39,56,69.6,3,13,23.1,1,0.6,1.2,+0.4,6,3,13,2,22,Matches,de112b84
343,Enock Mwepu,zm ZAM,FWMF,Brighton,25-039,1998,2.4,61,78,78.2,819,126,42,50,84.0,15,17,88.2,3,5,60.0,1,0.5,0.2,+0.5,3,5,2,0,6,Matches,1d5cab82
344,Vitaliy Mykolenko,ua UKR,DFMF,Everton,23-256,1999,19.8,689,905,76.1,10859,3971,370,413,89.6,261,343,76.1,45,101,44.6,0,0.8,0.6,-0.8,13,63,17,8,70,Matches,30d4a2e5
345,Keylor Navas,cr CRC,GK,Nott'ham Forest,36-056,1986,1.0,15,36,41.7,652,574,1,1,100.0,3,3,100.0,11,32,34.4,0,0.0,0.0,0.0,0,1,0,0,0,Matches,ecada4fc
346,Wilfred Ndidi,ng NGA,MFDF,Leicester City,26-055,1996,9.7,500,573,87.3,7682,1951,262,277,94.6,196,220,89.1,25,46,54.3,0,0.0,0.1,0.0,1,40,0,0,37,Matches,6b47c5db
347,Reiss Nelson,eng ENG,FW,Arsenal,23-061,1999,0.7,35,39,89.7,407,63,24,25,96.0,6,7,85.7,2,2,100.0,1,0.1,0.2,+0.9,2,0,2,1,1,Matches,c5bdb6e3
348,Neto,br BRA,GK,Bournemouth,33-205,1989,10.5,204,314,65.0,6766,5728,41,41,100.0,64,67,95.5,98,205,47.8,0,0.0,0.0,0.0,0,8,0,0,0,Matches,a9dc785c
349,Pedro Neto,pt POR,FWMF,Wolves,22-337,2000,6.7,177,240,73.8,2905,727,103,116,88.8,49,73,67.1,20,37,54.1,0,1.2,1.2,-1.2,13,8,6,3,18,Matches,7ba2eaa9
350,Rúben Neves,pt POR,MF,Wolves,25-333,1997,20.0,1008,1220,82.6,21589,5873,326,363,89.8,488,543,89.9,185,270,68.5,0,0.7,0.6,-0.7,17,118,9,1,120,Matches,44bfb6c5
351,Moussa Niakhate,fr FRA,DF,Nott'ham Forest,26-338,1996,1.8,38,50,76.0,749,255,10,11,90.9,24,26,92.3,4,8,50.0,0,0.0,0.0,0.0,0,2,0,0,2,Matches,00242715
352,Rasmus Nissen,dk DEN,DF,Leeds United,25-213,1997,12.6,474,675,70.2,7712,3301,230,283,81.3,206,281,73.3,27,71,38.0,1,0.8,0.7,+0.2,7,35,14,2,46,Matches,39769cff
353,Eddie Nketiah,eng ENG,FW,Arsenal,23-255,1999,7.7,138,166,83.1,1944,221,89,104,85.6,39,44,88.6,4,6,66.7,0,0.3,0.4,-0.3,4,5,4,0,9,Matches,a53649b7
354,Matheus Nunes,pt POR,MF,Wolves,24-166,1998,14.9,438,550,79.6,8023,1441,209,246,85.0,153,172,89.0,64,94,68.1,1,1.6,0.7,-0.6,16,42,9,1,48,Matches,e6af02e0
355,Darwin Núñez,uy URU,FW,Liverpool,23-230,1999,11.0,135,210,64.3,1940,401,65,95,68.4,43,64,67.2,9,12,75.0,2,3.5,1.8,-1.5,18,6,6,1,17,Matches,4d77b365
356,Ethan Nwaneri,eng ENG,FW,Arsenal,15-325,2007,0.0,0,0,,0,0,0,0,,0,0,,0,0,,0,0.0,0.0,0.0,0,0,0,0,0,Matches,7f94982c
357,Christian Nørgaard,dk DEN,MF,Brentford,28-336,1994,9.7,310,425,72.9,5043,1770,157,197,79.7,123,166,74.1,22,41,53.7,1,0.8,0.7,+0.2,5,39,3,0,33,Matches,df0a4c90
358,Lewis O'Brien,eng ENG,MF,Nott'ham Forest,24-118,1998,6.5,166,214,77.6,2785,650,72,85,84.7,84,103,81.6,7,16,43.8,0,0.2,0.2,-0.2,4,19,3,0,21,Matches,089667a5
359,Angelo Ogbonna,it ITA,DF,West Ham,34-262,1988,4.3,116,139,83.5,2298,758,30,35,85.7,68,77,88.3,15,23,65.2,0,0.2,0.1,-0.2,2,0,0,0,0,Matches,74b2cd7e
360,Michael Olise,fr FRA,MFFW,Crystal Palace,21-059,2001,14.4,500,709,70.5,8257,2457,262,299,87.6,172,230,74.8,50,121,41.3,4,3.3,2.3,+0.7,33,39,19,5,63,Matches,c4486bac
361,Robin Olsen,se SWE,GK,Aston Villa,33-032,1990,2.6,65,111,58.6,1755,1256,14,15,93.3,28,28,100.0,23,68,33.8,0,0.0,0.0,0.0,0,2,0,0,0,Matches,e7ee38c3
362,Amadou Onana,be BEL,MF,Everton,21-177,2001,16.5,530,629,84.3,8677,1912,276,312,88.5,204,233,87.6,39,58,67.2,1,1.8,1.3,-0.8,10,54,7,0,45,Matches,828657ff
363,Josh Onomah,eng ENG,MF,Fulham,25-288,1997,0.2,4,6,66.7,54,0,3,3,100.0,1,1,100.0,0,0,,0,0.0,0.0,0.0,0,0,0,0,0,Matches,6612cd8c
364,Paul Onuachu,ng NGA,FW,Southampton,28-257,1994,0.5,9,11,81.8,122,43,6,7,85.7,3,3,100.0,0,0,,0,0.1,0.0,-0.1,3,1,0,0,2,Matches,c06d1086
365,Frank Onyeka,ng NGA,MF,Brentford,25-039,1998,4.9,97,129,75.2,1481,384,54,67,80.6,33,43,76.7,6,11,54.5,1,0.5,0.7,+0.5,5,11,3,0,15,Matches,2944f86f
366,Mislav Oršić,hr CRO,MF,Southampton,30-042,1992,0.1,2,3,66.7,16,0,2,2,100.0,0,0,,0,1,0.0,0,0.0,0.0,0.0,0,0,0,0,0,Matches,ee950928
367,Dango Ouattara,bf BFA,MF,Bournemouth,20-363,2002,2.0,33,50,66.0,580,188,14,19,73.7,13,19,68.4,4,7,57.1,1,0.1,0.0,+0.9,1,3,1,1,1,Matches,2f9e4435
368,Alex Oxlade-Chamberlain,eng ENG,FWMF,Liverpool,29-178,1993,3.5,73,99,73.7,1206,331,38,42,90.5,24,33,72.7,7,13,53.8,0,0.9,0.2,-0.9,5,8,2,0,12,Matches,38c7feef
369,David Ozoh,,FW,Crystal Palace,17-254,2005,0.0,3,3,100.0,24,0,3,3,100.0,0,0,,0,0,,0,0.0,0.0,0.0,0,0,0,0,0,Matches,d00d45ab
370,João Palhinha,pt POR,MF,Fulham,27-215,1995,20.7,592,729,81.2,10353,2564,291,338,86.1,227,266,85.3,61,89,68.5,0,0.3,0.2,-0.3,3,74,2,0,63,Matches,a78ff07f
371,Cole Palmer,eng ENG,FWMF,Manchester City,20-279,2002,1.3,62,72,86.1,1020,146,32,33,97.0,26,29,89.7,3,7,42.9,0,0.2,0.3,-0.2,3,2,5,1,7,Matches,dc7f8a28
372,Emerson Palmieri,it ITA,DFMF,West Ham,28-190,1994,5.1,202,253,79.8,2762,883,131,142,92.3,51,64,79.7,11,22,50.0,0,0.3,0.3,-0.3,6,12,6,2,17,Matches,e0bc6fdc
373,Lucas Paquetá,br BRA,MF,West Ham,25-166,1997,11.9,449,570,78.8,7133,2104,241,276,87.3,150,189,79.4,40,58,69.0,2,0.9,1.1,+1.1,13,46,13,2,73,Matches,9b6f7fd5
374,Thomas Partey,gh GHA,MF,Arsenal,29-241,1993,16.1,974,1133,86.0,17074,5189,442,490,90.2,403,454,88.8,104,147,70.7,0,0.8,0.8,-0.8,14,126,11,0,121,Matches,529f49ab
375,Nathan Patterson,sct SCO,DFMF,Everton,21-116,2001,11.0,396,517,76.6,5831,2105,234,258,90.7,136,180,75.6,18,53,34.0,0,0.4,0.6,-0.4,4,16,6,2,20,Matches,230f0471
376,Ben Pearson,eng ENG,MF,Bournemouth,28-036,1995,3.2,108,134,80.6,1814,501,50,58,86.2,45,55,81.8,8,15,53.3,0,0.0,0.0,0.0,0,8,0,0,5,Matches,a6b461e7
377,Facundo Pellistri,uy URU,FW,Manchester Utd,21-051,2001,0.4,8,8,100.0,104,0,5,5,100.0,3,3,100.0,0,0,,0,0.0,0.0,0.0,0,0,0,0,0,Matches,ac7e7b1c
378,Andreas Pereira,br BRA,MF,Fulham,27-039,1996,20.2,464,722,64.3,8608,3003,219,279,78.5,154,213,72.3,75,163,46.0,5,4.3,3.1,+0.7,48,56,17,9,76,Matches,6639e500
379,Ayoze Pérez,es ESP,MFFW,Leicester City,29-195,1993,4.2,118,171,69.0,1698,469,75,89,84.3,28,43,65.1,9,18,50.0,1,1.5,0.6,-0.5,11,13,6,0,20,Matches,819aa8e7
380,Ivan Perišić,hr CRO,DFMF,Tottenham,34-007,1989,15.0,474,727,65.2,8389,2492,230,286,80.4,166,251,66.1,64,139,46.0,5,3.7,3.6,+1.3,30,18,26,18,42,Matches,6fe90922
381,Romain Perraud,fr FRA,DF,Southampton,25-140,1997,12.3,372,528,70.5,5276,2066,221,264,83.7,123,165,74.5,17,52,32.7,2,1.5,1.3,+0.5,11,28,8,4,37,Matches,6dfd8f05
382,Kalvin Phillips,eng ENG,MF,Manchester City,27-069,1995,0.2,16,20,80.0,303,76,5,8,62.5,10,10,100.0,1,2,50.0,0,0.0,0.0,0.0,0,4,0,0,1,Matches,4f565d77
383,Nathaniel Phillips,eng ENG,DF,Liverpool,25-325,1997,0.7,71,82,86.6,1364,602,32,34,94.1,27,29,93.1,9,14,64.3,0,0.0,0.0,0.0,0,7,0,0,9,Matches,515ebe8d
384,Jordan Pickford,eng ENG,GK,Everton,28-339,1994,20.0,455,736,61.8,14534,11049,108,109,99.1,146,147,99.3,197,472,41.7,1,0.1,0.3,+0.9,2,29,1,0,1,Matches,4806ec67
385,Ethan Pinnock,jm JAM,DF,Brentford,29-256,1993,13.0,353,486,72.6,6372,2361,136,175,77.7,173,214,80.8,34,74,45.9,0,0.6,0.4,-0.6,4,23,0,0,25,Matches,e541326e
386,Daniel Podence,pt POR,FWMF,Wolves,27-111,1995,14.6,339,498,68.1,5580,1665,175,230,76.1,110,159,69.2,35,62,56.5,0,1.9,1.4,-1.9,28,25,30,5,75,Matches,7fcc71d8
387,Nick Pope,eng ENG,GK,Newcastle Utd,30-296,1992,21.0,359,536,67.0,10065,6945,72,72,100.0,159,165,96.4,125,296,42.2,0,0.0,0.0,0.0,0,9,0,0,1,Matches,4b40d9ca
388,Dennis Praet,be BEL,MF,Leicester City,28-271,1994,4.0,97,129,75.2,1345,313,56,65,86.2,31,40,77.5,4,10,40.0,0,0.0,0.1,0.0,0,4,3,0,10,Matches,86695068
389,Isaac Price,nir NIR,MF,Everton,19-136,2003,0.4,12,14,85.7,203,44,6,7,85.7,5,6,83.3,1,1,100.0,0,0.1,0.0,-0.1,1,1,0,0,1,Matches,b9403c99
390,Christian Pulisic,us USA,FWDF,Chelsea,24-144,1998,6.8,185,229,80.8,2467,412,123,141,87.2,46,57,80.7,8,13,61.5,1,0.5,0.3,+0.5,11,12,1,0,16,Matches,1bf33a9a
391,Aaron Ramsdale,eng ENG,GK,Arsenal,24-271,1998,20.0,382,575,66.4,10072,7081,98,103,95.1,171,174,98.3,113,295,38.3,0,0.0,0.0,0.0,0,18,2,0,4,Matches,466fb2c5
392,Jacob Ramsey,eng ENG,MF,Aston Villa,21-257,2001,13.7,415,502,82.7,5820,1436,249,285,87.4,126,148,85.1,21,29,72.4,2,1.6,0.7,+0.4,17,45,11,0,53,Matches,1544f145
393,Marcus Rashford,eng ENG,FW,Manchester Utd,25-101,1997,19.9,387,514,75.3,5577,1318,251,298,84.2,92,114,80.7,26,44,59.1,3,2.4,2.0,+0.6,17,21,32,2,52,Matches,a1d5bd30
394,David Raya,es ESP,GK,Brentford,27-147,1995,21.0,568,893,63.6,18869,14702,82,85,96.5,227,233,97.4,258,571,45.2,0,0.1,0.1,-0.1,2,37,3,0,8,Matches,98ea5115
395,Tim Ream,us USA,DF,Fulham,35-127,1987,22.0,1073,1247,86.0,23344,8058,253,292,86.6,631,680,92.8,181,256,70.7,0,0.0,0.2,0.0,0,81,0,0,75,Matches,28b40c9c
396,Nathan Redmond,eng ENG,DF,Southampton,28-340,1994,0.0,0,1,0.0,0,0,0,0,,0,1,0.0,0,0,,0,0.0,0.0,0.0,0,0,0,0,0,Matches,ab651565
397,Harrison Reed,eng ENG,MF,Fulham,28-013,1995,19.2,550,726,75.8,8410,2184,304,361,84.2,179,219,81.7,41,77,53.2,1,1.8,1.0,-0.8,20,48,18,7,56,Matches,803ae100
398,Bobby Reid,jm JAM,FWDF,Fulham,30-007,1993,19.3,477,687,69.4,7239,2503,254,314,80.9,172,238,72.3,25,64,39.1,1,1.2,0.9,-0.2,13,27,23,7,43,Matches,0f7533cd
399,Declan Rice,eng ENG,MF,West Ham,24-026,1999,21.0,1140,1297,87.9,20917,5701,530,592,89.5,447,467,95.7,144,195,73.8,1,2.2,1.0,-1.2,26,154,8,3,153,Matches,1c7012b8
400,Chris Richards,us USA,DF,Crystal Palace,22-318,2000,3.9,113,137,82.5,2210,680,35,44,79.5,63,70,90.0,15,23,65.2,0,0.3,0.0,-0.3,1,7,0,0,8,Matches,0a3d6d2b
401,Richarlison,br BRA,MFFW,Tottenham,25-275,1997,5.4,111,150,74.0,1711,501,58,77,75.3,34,44,77.3,9,12,75.0,2,1.3,1.1,+0.7,9,10,8,2,19,Matches,fa031b34
402,Jaïro Riedewald,nl NED,DFFW,Crystal Palace,26-153,1996,0.5,26,35,74.3,351,74,17,18,94.4,9,13,69.2,0,2,0.0,0,0.0,0.0,0.0,0,1,0,0,0,Matches,7a1f2c08
403,Matt Ritchie,sct SCO,FW,Newcastle Utd,33-152,1989,0.0,2,3,66.7,19,4,2,2,100.0,0,0,,0,1,0.0,0,0.0,0.0,0.0,0,0,0,0,0,Matches,71ef519e
404,Andrew Robertson,sct SCO,DF,Liverpool,28-335,1994,14.7,875,1110,78.8,14981,4652,417,468,89.1,372,444,83.8,71,145,49.0,5,3.4,3.4,+1.6,30,50,20,10,76,Matches,2e4f5f03
405,Antonee Robinson,us USA,DF,Fulham,25-185,1997,18.3,729,989,73.7,12439,4994,326,374,87.2,322,415,77.6,65,149,43.6,0,0.7,0.9,-0.7,11,56,22,11,70,Matches,289601e6
406,Marc Roca,es ESP,MF,Leeds United,26-075,1996,16.2,662,862,76.8,10735,4340,341,396,86.1,244,303,80.5,54,113,47.8,1,0.9,1.0,+0.1,17,108,11,0,115,Matches,da27e268
407,Marek Rodák,sk SVK,GK,Fulham,26-058,1996,2.0,29,61,47.5,1170,1037,3,3,100.0,8,9,88.9,17,48,35.4,0,0.0,0.0,0.0,0,0,0,0,0,Matches,17acc2ed
408,Rodri,es ESP,MF,Manchester City,26-232,1996,19.3,1707,1870,91.3,31638,7738,673,730,92.2,801,854,93.8,203,238,85.3,4,2.2,2.6,+1.8,22,178,21,1,169,Matches,6434f10d
409,Rodrigo,es ESP,FWMF,Leeds United,31-340,1991,14.4,274,390,70.3,4040,732,145,185,78.4,83,120,69.2,23,40,57.5,1,1.5,0.7,-0.5,13,19,11,2,30,Matches,1fb1c435
410,Mads Roerslev,dk DEN,DF,Brentford,23-230,1999,9.4,151,237,63.7,2402,888,83,109,76.1,52,68,76.5,12,39,30.8,0,1.0,0.7,-1.0,7,12,6,4,16,Matches,57c94db2
411,Cristian Romero,ar ARG,DF,Tottenham,24-288,1998,13.3,681,783,87.0,12514,4407,256,289,88.6,349,368,94.8,61,88,69.3,0,0.3,0.5,-0.3,3,43,5,0,51,Matches,a3d94a58
412,Oriol Romeu,es ESP,MF,Southampton,31-138,1991,0.8,28,30,93.3,453,79,10,11,90.9,15,16,93.8,2,2,100.0,0,0.0,0.2,0.0,0,0,2,0,4,Matches,4b511457
413,Cristiano Ronaldo,pt POR,FW,Manchester Utd,38-004,1985,5.8,121,162,74.7,1412,258,85,97,87.6,27,39,69.2,1,5,20.0,0,0.4,0.2,-0.4,6,7,1,0,12,Matches,dea698d9
414,Connor Ronan,ie IRL,MF,Wolves,24-340,1998,0.0,3,4,75.0,37,18,2,2,100.0,1,2,50.0,0,0,,0,0.0,0.0,0.0,0,3,0,0,0,Matches,1b804500
415,Salomón Rondón,ve VEN,FW,Everton,33-146,1989,1.2,22,29,75.9,203,35,15,21,71.4,3,3,100.0,0,0,,0,0.2,0.1,-0.2,2,2,1,0,1,Matches,b318a643
416,Joe Rothwell,eng ENG,MFDF,Bournemouth,28-029,1995,1.7,60,70,85.7,1012,291,28,31,90.3,25,27,92.6,5,9,55.6,0,0.2,0.5,-0.2,3,5,4,0,8,Matches,10a10454
417,Georginio Rutter,fr FRA,FW,Leeds United,20-295,2002,0.6,3,8,37.5,47,0,1,1,100.0,2,4,50.0,0,0,,0,0.0,0.0,0.0,0,0,0,0,0,Matches,c64c01fc
418,José Sá,pt POR,GK,Wolves,30-023,1993,21.0,523,722,72.4,12821,8600,131,134,97.8,280,288,97.2,111,293,37.9,0,0.0,0.0,0.0,0,7,0,0,0,Matches,903b6e8b
419,Marcel Sabitzer,at AUT,MF,Manchester Utd,28-329,1994,1.0,43,53,81.1,695,186,21,24,87.5,17,22,77.3,4,4,100.0,0,0.3,0.2,-0.3,3,4,3,1,8,Matches,e280527c
420,Allan Saint-Maximin,fr FRA,FW,Newcastle Utd,25-334,1997,6.1,147,212,69.3,2468,799,76,100,76.0,56,80,70.0,13,16,81.3,3,1.2,1.1,+1.8,9,13,16,2,34,Matches,2b16cb1a
421,Bukayo Saka,eng ENG,FW,Arsenal,21-157,2001,19.0,572,744,76.9,8460,1975,351,400,87.8,155,195,79.5,44,84,52.4,7,4.6,3.2,+2.4,47,22,35,9,48,Matches,bc7dc64d
422,Mohamed Salah,eg EGY,FW,Liverpool,30-239,1992,19.7,404,537,75.2,5229,1527,258,310,83.2,103,138,74.6,15,26,57.7,4,3.7,3.1,+0.3,38,23,39,3,66,Matches,e342ad68
423,William Saliba,fr FRA,DF,Arsenal,21-322,2001,19.8,1188,1296,91.7,21090,8281,483,512,94.3,613,654,93.7,75,99,75.8,1,0.9,0.2,+0.1,4,56,2,0,62,Matches,972aeb2a
424,Mohammed Salisu,gh GHA,DF,Southampton,23-298,1999,20.0,825,1122,73.5,15137,6910,332,380,87.4,406,512,79.3,81,196,41.3,1,0.5,0.4,+0.5,5,75,6,4,77,Matches,0b33f6ad
425,Albert Sambi Lokonga,be BEL,MF,Arsenal,23-110,1999,2.2,132,140,94.3,2321,539,59,62,95.2,60,63,95.2,11,12,91.7,0,0.0,0.1,0.0,1,17,1,0,12,Matches,1b4f1169
426,Albert Sambi Lokonga,be BEL,MF,Crystal Palace,23-110,1999,0.2,27,31,87.1,488,100,11,11,100.0,13,13,100.0,3,4,75.0,0,0.0,0.0,0.0,0,1,0,0,3,Matches,1b4f1169
427,Davinson Sánchez,co COL,DF,Tottenham,26-242,1996,6.2,339,386,87.8,6152,1814,120,124,96.8,199,215,92.6,17,39,43.6,0,0.1,0.2,-0.1,1,27,1,1,24,Matches,da7b447d
428,Robert Sánchez,es ESP,GK,Brighton,25-083,1997,20.0,516,692,74.6,12086,7881,157,158,99.4,250,259,96.5,102,260,39.2,0,0.0,0.0,0.0,0,11,0,0,0,Matches,6a713852
429,Jadon Sancho,eng ENG,FW,Manchester Utd,22-321,2000,8.3,264,322,82.0,3179,754,193,218,88.5,50,60,83.3,6,12,50.0,1,1.1,1.2,-0.1,17,7,17,0,32,Matches,dbf053da
430,Morgan Sanson,fr FRA,MF,Aston Villa,28-175,1994,0.1,5,7,71.4,55,12,3,4,75.0,1,2,50.0,0,0,,0,0.0,0.0,0.0,0,0,0,0,1,Matches,6e7f1353
431,Pablo Sarabia,es ESP,FW,Wolves,30-274,1992,1.2,21,34,61.8,389,82,10,16,62.5,7,9,77.8,4,8,50.0,0,0.0,0.1,0.0,0,2,1,0,3,Matches,9744ff80
432,Jeremy Sarmiento,ec ECU,MF,Brighton,20-238,2002,1.8,46,59,78.0,608,143,27,32,84.4,14,17,82.4,1,2,50.0,1,0.2,0.2,+0.8,2,4,3,1,8,Matches,ac0d576d
433,Gianluca Scamacca,it ITA,FW,West Ham,24-039,1999,10.3,118,177,66.7,2014,378,63,85,74.1,31,52,59.6,17,21,81.0,0,0.7,0.5,-0.7,13,14,5,1,17,Matches,8790f988
434,Gustavo Scarpa,br BRA,MF,Nott'ham Forest,29-035,1994,1.2,38,56,67.9,828,329,13,15,86.7,18,21,85.7,6,10,60.0,0,0.0,0.0,0.0,1,7,0,0,8,Matches,2964fd20
435,Kevin Schade,de GER,FWMF,Brentford,21-074,2001,0.3,5,9,55.6,58,0,2,2,100.0,2,4,50.0,0,1,0.0,0,0.0,0.0,0.0,0,0,0,0,0,Matches,52afb588
436,Fabian Schär,ch SUI,DF,Newcastle Utd,31-051,1991,19.8,763,1016,75.1,15572,6452,267,315,84.8,383,451,84.9,109,227,48.0,0,1.0,1.2,-1.0,12,78,13,1,83,Matches,c8aa95da
437,Jeffrey Schlupp,gh GHA,MF,Crystal Palace,30-048,1992,17.3,488,640,76.3,7838,1976,236,289,81.7,194,233,83.3,40,74,54.1,0,0.5,0.4,-0.5,6,40,6,0,59,Matches,3312f911
438,Nélson Semedo,pt POR,DF,Wolves,29-085,1993,13.2,482,602,80.1,7567,2439,270,300,90.0,174,215,80.9,31,60,51.7,1,0.4,0.5,+0.6,7,38,8,3,45,Matches,d04b94db
439,Antoine Semenyo,gh GHA,FW,Bournemouth,23-033,2000,1.0,11,16,68.8,200,60,4,7,57.1,6,7,85.7,1,1,100.0,0,0.0,0.0,0.0,0,1,0,0,3,Matches,efd2ec23
440,Marcos Senesi,ar ARG,DF,Bournemouth,25-275,1997,15.3,564,715,78.9,11429,5121,172,198,86.9,318,361,88.1,67,131,51.1,0,0.2,0.2,-0.2,3,43,2,1,27,Matches,35141f4c
441,Ryan Sessegnon,eng ENG,DF,Tottenham,22-267,2000,9.0,280,390,71.8,4093,1075,178,213,83.6,81,120,67.5,16,29,55.2,0,1.1,1.1,-1.1,6,16,11,3,22,Matches,6aa3e78b
442,Luke Shaw,eng ENG,DF,Manchester Utd,27-212,1995,16.7,1020,1241,82.2,15482,5901,596,652,91.4,338,401,84.3,61,114,53.5,1,1.8,1.6,-0.8,18,98,21,10,80,Matches,9c94165b
443,Jonjo Shelvey,eng ENG,MF,Newcastle Utd,30-347,1992,0.4,19,26,73.1,442,176,5,6,83.3,8,10,80.0,4,8,50.0,0,0.0,0.0,0.0,0,4,0,0,3,Matches,3727dd3c
444,Bernardo Silva,pt POR,MFFW,Manchester City,28-183,1994,15.7,827,963,85.9,13143,2359,453,490,92.4,286,325,88.0,60,90,66.7,5,2.4,2.9,+2.6,23,50,21,6,77,Matches,3eb22ec9
445,Thiago Silva,br BRA,DF,Chelsea,38-140,1984,18.9,1368,1520,90.0,26185,10435,495,522,94.8,728,760,95.8,137,212,64.6,2,0.4,0.6,+1.6,4,85,10,0,76,Matches,86e7deaf
446,Ellis Simms,eng ENG,FW,Everton,22-035,2001,0.2,3,4,75.0,67,43,2,2,100.0,0,1,0.0,1,1,100.0,0,0.0,0.3,0.0,0,1,1,0,2,Matches,26d3b5be
447,Luis Sinisterra,co COL,FW,Leeds United,23-237,1999,6.0,181,220,82.3,2520,613,94,110,85.5,56,62,90.3,9,11,81.8,0,0.2,0.5,-0.2,4,12,8,1,21,Matches,8e16dd48
448,Oliver Skipp,eng ENG,MF,Tottenham,22-146,2000,2.2,78,100,78.0,1110,293,42,49,85.7,32,36,88.9,1,4,25.0,0,0.2,0.1,-0.2,3,3,3,1,7,Matches,6250083a
449,Adam Smith,eng ENG,DF,Bournemouth,31-286,1991,19.2,626,809,77.4,10627,4608,307,345,89.0,252,309,81.6,57,122,46.7,1,0.6,0.9,+0.4,7,50,17,10,60,Matches,20b104bc
450,Emile Smith Rowe,eng ENG,MFFW,Arsenal,22-196,2000,0.6,19,22,86.4,279,75,9,9,100.0,7,7,100.0,2,3,66.7,0,0.3,0.2,-0.3,3,1,2,0,2,Matches,17695062
451,Cédric Soares,pt POR,DF,Arsenal,31-162,1991,0.3,19,24,79.2,257,54,10,10,100.0,8,10,80.0,0,3,0.0,0,0.0,0.0,0.0,0,0,0,0,3,Matches,839c14e1
452,Dominic Solanke,eng ENG,FWMF,Bournemouth,25-148,1997,14.9,162,231,70.1,2199,459,102,126,81.0,45,58,77.6,9,12,75.0,3,1.2,0.9,+1.8,9,8,6,0,22,Matches,e77dc3b2
453,Manor Solomon,il ISR,FW,Fulham,23-200,1999,0.7,12,16,75.0,163,93,6,8,75.0,4,5,80.0,1,1,100.0,0,0.0,0.0,0.0,1,1,1,0,3,Matches,886f9aac
454,Tomáš Souček,cz CZE,MF,West Ham,27-347,1995,17.5,448,607,73.8,7656,2280,211,271,77.9,171,218,78.4,48,69,69.6,1,0.7,0.6,+0.3,8,43,5,2,54,Matches,6613c819
455,Boubakary Soumaré,fr FRA,MF,Leicester City,23-347,1999,9.3,445,500,89.0,6688,1696,245,261,93.9,164,186,88.2,21,26,80.8,0,0.1,0.2,-0.1,2,32,1,0,35,Matches,ae59b359
456,Harry Souttar,au AUS,DF,Leicester City,24-110,1998,1.0,27,35,77.1,490,165,6,7,85.7,21,23,91.3,0,1,0.0,0,0.0,0.0,0.0,0,0,0,0,0,Matches,0a6cb1b1
457,Çağlar Söyüncü,tr TUR,DF,Leicester City,26-262,1996,0.9,39,49,79.6,667,208,17,18,94.4,21,26,80.8,1,5,20.0,0,0.0,0.0,0.0,0,2,0,0,3,Matches,21166ff4
458,Djed Spence,eng ENG,FWDF,Tottenham,22-184,2000,0.1,5,9,55.6,60,4,4,5,80.0,1,1,100.0,0,0,,0,0.0,0.0,0.0,0,0,0,0,0,Matches,9bc9a519
459,Jack Stacey,eng ENG,DF,Bournemouth,26-309,1996,3.3,72,126,57.1,1054,369,41,52,78.8,26,47,55.3,3,12,25.0,0,0.0,0.0,0.0,0,6,1,1,2,Matches,558807c0
460,Junior Stanislas,eng ENG,MF,Bournemouth,33-075,1989,0.7,22,28,78.6,329,71,12,14,85.7,9,11,81.8,0,1,0.0,0,0.1,0.2,-0.1,2,3,0,0,4,Matches,6992791d
461,Jay Stansfield,eng ENG,FW,Fulham,20-077,2002,1.0,9,23,39.1,82,32,7,8,87.5,1,7,14.3,0,3,0.0,0,0.1,0.0,-0.1,1,0,0,0,0,Matches,b2626673
462,Jack Stephens,eng ENG,DF,Southampton,29-013,1994,0.5,23,28,82.1,398,107,9,10,90.0,13,17,76.5,1,1,100.0,0,0.0,0.0,0.0,0,3,0,0,3,Matches,6adbc307
463,Jack Stephens,eng ENG,DF,Bournemouth,29-013,1994,2.0,58,64,90.6,1225,527,17,19,89.5,30,32,93.8,11,11,100.0,0,0.1,0.1,-0.1,1,3,0,0,5,Matches,6adbc307
464,Raheem Sterling,eng ENG,FWMF,Chelsea,28-063,1994,12.7,296,396,74.7,3813,887,178,213,83.6,84,111,75.7,12,18,66.7,2,2.9,2.1,-0.9,22,17,21,6,36,Matches,b400bde0
465,John Stones,eng ENG,DF,Manchester City,28-257,1994,13.1,990,1052,94.1,16861,4967,459,476,96.4,445,467,95.3,72,86,83.7,2,1.3,0.8,+0.7,5,75,2,0,75,Matches,5eecec3d
466,Pascal Struijk,nl NED,DF,Leeds United,23-182,1999,18.6,844,1070,78.9,12028,5458,494,559,88.4,290,366,79.2,33,75,44.0,1,2.3,1.1,-1.3,12,77,12,3,100,Matches,f4d296e4
467,Kamaldeen Sulemana,gh GHA,MF,Southampton,20-359,2002,0.5,7,15,46.7,104,12,4,7,57.1,1,2,50.0,1,3,33.3,0,0.0,0.0,0.0,1,1,0,0,1,Matches,a62f8bf1
468,Crysencio Summerville,nl NED,FW,Leeds United,21-102,2001,7.5,169,226,74.8,2089,554,114,142,80.3,39,48,81.3,5,14,35.7,1,0.8,0.5,+0.2,7,10,7,2,20,Matches,df04eb4b
469,Sam Surridge,eng ENG,FW,Nott'ham Forest,24-196,1998,2.9,28,65,43.1,377,125,18,36,50.0,8,18,44.4,1,3,33.3,0,0.1,0.0,-0.1,1,4,0,0,5,Matches,b017b770
470,Japhet Tanganga,eng ENG,DF,Tottenham,23-315,1999,0.7,32,36,88.9,484,118,19,22,86.4,12,13,92.3,1,1,100.0,0,0.0,0.0,0.0,0,2,0,0,1,Matches,e9971f2d
471,Matt Targett,eng ENG,DF,Newcastle Utd,27-144,1995,4.7,216,283,76.3,3539,1469,107,123,87.0,93,106,87.7,13,44,29.5,0,0.3,0.6,-0.3,7,16,5,0,31,Matches,e514ab62
472,James Tarkowski,eng ENG,DF,Everton,30-082,1992,21.0,896,1063,84.3,18010,6841,293,322,91.0,487,543,89.7,110,182,60.4,0,1.1,1.0,-1.1,8,62,2,0,55,Matches,15ea812b
473,Marcus Tavernier,eng ENG,MFFW,Bournemouth,23-324,1999,14.3,346,506,68.4,5560,1449,197,237,83.1,103,147,70.1,33,83,39.8,4,2.2,1.0,+1.8,15,19,8,3,31,Matches,5c0da4a4
474,Tetê,br BRA,FW,Leicester City,22-359,2000,0.9,22,31,71.0,218,31,17,22,77.3,3,5,60.0,0,1,0.0,0,0.0,0.0,0.0,0,1,0,0,1,Matches,7120a04d
475,Kenny Tete,nl NED,DF,Fulham,27-123,1995,14.7,595,813,73.2,9342,3793,323,377,85.7,222,304,73.0,39,81,48.1,4,1.0,1.0,+3.0,14,37,14,10,51,Matches,77d7c96f
476,Luke Thomas,eng ENG,DF,Leicester City,21-244,2001,7.7,363,456,79.6,5650,2395,201,227,88.5,140,170,82.4,20,36,55.6,0,0.6,0.4,-0.6,3,26,3,1,35,Matches,fc027d02
477,Youri Tielemans,be BEL,MF,Leicester City,25-278,1997,18.3,986,1198,82.3,16343,5526,475,529,89.8,386,447,86.4,92,149,61.7,1,3.7,2.8,-2.7,24,124,26,7,137,Matches,56f7a928
478,Kieran Tierney,sct SCO,DF,Arsenal,25-249,1997,5.2,223,302,73.8,4132,1321,93,109,85.3,106,132,80.3,21,44,47.7,0,0.2,0.3,-0.2,3,24,6,1,25,Matches,fce2302c
479,Harry Toffolo,eng ENG,DF,Nott'ham Forest,27-174,1995,6.8,179,269,66.5,2818,1291,101,118,85.6,69,102,67.6,7,32,21.9,0,0.7,0.9,-0.7,4,10,7,4,21,Matches,a105d46a
480,Takehiro Tomiyasu,jp JPN,DF,Arsenal,24-096,1998,5.7,286,343,83.4,4982,1670,117,133,88.0,136,158,86.1,25,38,65.8,1,0.6,0.2,+0.4,4,33,6,2,42,Matches,b3af9be1
481,James Tomkins,eng ENG,DF,Crystal Palace,33-317,1989,1.7,90,111,81.1,1641,581,35,42,83.3,49,54,90.7,6,14,42.9,0,0.0,0.0,0.0,0,0,0,0,1,Matches,e7ca0439
482,Ivan Toney,eng ENG,FW,Brentford,26-330,1996,18.9,273,456,59.9,3412,1118,169,246,68.7,63,107,58.9,12,24,50.0,3,2.7,1.8,+0.3,18,30,15,3,42,Matches,e09f279b
483,Adama Traoré,es ESP,FWMF,Wolves,27-015,1996,9.5,185,279,66.3,2716,680,117,157,74.5,46,69,66.7,13,24,54.2,1,2.2,1.6,-1.2,13,11,13,8,23,Matches,9a28eba4
484,Boubacar Traoré,ml MLI,MF,Wolves,21-173,2001,4.3,97,125,77.6,1641,548,44,53,83.0,47,54,87.0,5,10,50.0,1,0.2,0.1,+0.8,1,16,1,0,8,Matches,999ceb5f
485,Mark Travers,ie IRL,GK,Bournemouth,23-267,1999,10.5,244,324,75.3,7221,5230,83,83,100.0,82,83,98.8,78,157,49.7,0,0.0,0.0,0.0,0,4,0,0,0,Matches,fe558029
486,Kieran Trippier,eng ENG,DF,Newcastle Utd,32-143,1990,20.7,1065,1485,71.7,20603,9065,455,518,87.8,406,533,76.2,185,361,51.2,4,6.5,6.8,-2.5,62,91,59,20,130,Matches,21512407
487,Leandro Trossard,be BEL,FW,Arsenal,28-067,1994,0.5,11,18,61.1,166,44,5,5,100.0,6,10,60.0,0,1,0.0,0,0.0,0.0,0.0,0,0,2,0,2,Matches,38ceb24a
488,Leandro Trossard,be BEL,FWMF,Brighton,28-067,1994,14.6,379,529,71.6,6222,1920,199,236,84.3,124,178,69.7,40,63,63.5,2,2.1,2.1,-0.1,23,42,25,7,67,Matches,38ceb24a
489,Kostas Tsimikas,gr GRE,DF,Liverpool,26-273,1996,5.0,276,360,76.7,4761,1235,132,152,86.8,102,123,82.9,34,65,52.3,3,0.8,0.8,+2.2,13,11,6,3,18,Matches,f315ca93
490,Deniz Undav,de GER,FWMF,Brighton,26-205,1996,1.9,40,44,90.9,444,102,27,30,90.0,7,7,100.0,1,1,100.0,0,0.7,0.6,-0.7,5,1,2,0,3,Matches,dd549382
491,Yan Valery,tn TUN,DF,Southampton,23-352,1999,0.5,15,23,65.2,213,39,9,10,90.0,4,6,66.7,1,5,20.0,0,0.0,0.0,0.0,0,1,0,0,0,Matches,531a4aa8
492,Virgil van Dijk,nl NED,DF,Liverpool,31-216,1991,16.5,1180,1325,89.1,23395,8327,397,427,93.0,644,695,92.7,128,181,70.7,0,0.2,0.5,-0.2,2,91,2,0,72,Matches,e06683ca
493,Raphaël Varane,fr FRA,DF,Manchester Utd,29-290,1993,14.4,679,786,86.4,12970,4157,218,241,90.5,404,436,92.7,49,93,52.7,0,0.1,0.3,-0.1,3,60,3,0,44,Matches,9f8e9423
494,Jamie Vardy,eng ENG,FW,Leicester City,36-029,1987,12.9,87,161,54.0,1274,268,40,63,63.5,32,58,55.2,5,10,50.0,4,0.7,0.4,+3.3,9,7,4,1,8,Matches,45963054
495,Joël Veltman,nl NED,DF,Brighton,31-025,1992,14.3,768,928,82.8,13708,4534,305,338,90.2,392,446,87.9,59,106,55.7,1,0.2,0.6,+0.8,3,109,5,3,96,Matches,dad4b285
496,Fabio Vieira,pt POR,MFFW,Arsenal,22-255,2000,2.9,104,132,78.8,1564,345,62,67,92.5,35,43,81.4,4,12,33.3,1,1.1,0.8,-0.1,4,11,4,1,12,Matches,6412cc03
497,Matías Viña,uy URU,MF,Bournemouth,25-092,1997,0.1,1,1,100.0,16,15,0,0,,1,1,100.0,0,0,,0,0.0,0.0,0.0,0,0,0,0,0,Matches,08eb3b58
498,Rúben Vinagre,pt POR,DFMF,Everton,23-306,1999,0.3,15,24,62.5,223,26,7,10,70.0,7,10,70.0,0,0,,0,0.0,0.0,0.0,0,2,0,0,0,Matches,b937e490
499,Carlos Vinícius,br BRA,FW,Fulham,27-321,1995,4.8,42,75,56.0,486,129,28,38,73.7,8,17,47.1,2,4,50.0,0,0.5,0.3,-0.5,4,1,2,0,4,Matches,8b529245
500,Theo Walcott,eng ENG,FWMF,Southampton,33-330,1989,1.5,22,31,71.0,273,48,17,19,89.5,5,11,45.5,0,1,0.0,0,0.0,0.0,0.0,2,3,0,0,2,Matches,1ecb65be
501,Kyle Walker,eng ENG,DF,Manchester City,32-257,1990,8.8,747,853,87.6,12813,3599,342,369,92.7,330,365,90.4,66,99,66.7,0,0.1,0.3,-0.1,4,92,2,1,82,Matches,86dd77d1
502,Kyle Walker-Peters,eng ENG,DF,Southampton,25-302,1997,15.6,493,679,72.6,7169,2883,299,339,88.2,147,215,68.4,28,65,43.1,0,0.9,1.4,-0.9,10,32,18,6,48,Matches,984a5a64
503,Aaron Wan-Bissaka,eng ENG,DF,Manchester Utd,25-075,1997,6.8,270,329,82.1,3718,1314,185,199,93.0,66,88,75.0,12,18,66.7,0,0.5,0.3,-0.5,6,22,3,2,20,Matches,9e525177
504,Danny Ward,wls WAL,GK,Leicester City,29-232,1993,21.0,585,775,75.5,13829,8491,164,165,99.4,291,293,99.3,129,309,41.7,0,0.0,0.0,0.0,0,6,0,0,0,Matches,d3ce0e89
505,Joel Ward,eng ENG,DF,Crystal Palace,33-103,1989,14.4,501,670,74.8,8181,3708,250,285,87.7,201,254,79.1,34,97,35.1,0,0.1,0.2,-0.1,2,37,3,1,49,Matches,8a7ff278
506,James Ward-Prowse,eng ENG,MF,Southampton,28-100,1994,21.0,924,1220,75.7,15897,4763,450,506,88.9,343,432,79.4,100,214,46.7,2,3.9,3.2,-1.9,43,98,17,7,113,Matches,3515d404
507,Ollie Watkins,eng ENG,FW,Aston Villa,27-041,1995,18.1,234,332,70.5,2888,539,155,203,76.4,53,73,72.6,8,11,72.7,4,2.2,1.8,+1.8,16,21,8,1,25,Matches,aed3a70f
508,Adam Webster,eng ENG,DF,Brighton,28-036,1995,13.0,780,904,86.3,14775,5472,294,320,91.9,397,446,89.0,82,119,68.9,0,0.0,0.3,0.0,2,74,4,1,65,Matches,c40b6180
509,Wout Weghorst,nl NED,FW,Manchester Utd,30-186,1992,3.0,42,62,67.7,495,60,30,41,73.2,5,6,83.3,3,6,50.0,0,0.4,0.5,-0.4,5,1,0,0,5,Matches,c4e87b8b
510,Danny Welbeck,eng ENG,FW,Brighton,32-075,1990,12.7,183,222,82.4,2130,354,118,137,86.1,47,54,87.0,2,6,33.3,2,2.5,1.2,-0.5,16,15,7,0,21,Matches,ce5143da
511,Ben White,eng ENG,DF,Arsenal,25-124,1997,17.7,962,1146,83.9,16600,5736,435,475,91.6,446,505,88.3,66,122,54.1,2,1.1,1.8,+0.9,13,130,20,6,139,Matches,35e413f1
512,Harvey White,eng ENG,MF,Tottenham,21-143,2001,0.1,3,8,37.5,54,21,2,3,66.7,0,2,0.0,1,3,33.3,0,0.0,0.0,0.0,0,0,1,1,0,Matches,4d90ce8c
513,Neco Williams,wls WAL,DF,Nott'ham Forest,21-302,2001,13.5,389,609,63.9,6978,2480,177,216,81.9,146,211,69.2,53,136,39.0,0,1.3,1.1,-1.3,12,17,12,8,21,Matches,dd323728
514,Willian,br BRA,FW,Fulham,34-184,1988,12.6,377,477,79.0,6448,1370,190,222,85.6,129,157,82.2,45,70,64.3,2,2.0,1.3,0.0,22,24,18,1,68,Matches,8b9ebd03
515,Joe Willock,eng ENG,MF,Newcastle Utd,23-173,1999,17.4,492,610,80.7,7663,1856,271,305,88.9,167,198,84.3,37,57,64.9,2,3.4,2.2,-1.4,19,52,14,5,70,Matches,a3b03921
516,Callum Wilson,eng ENG,FW,Newcastle Utd,30-347,1992,12.5,103,145,71.0,1239,220,69,87,79.3,24,29,82.8,2,6,33.3,3,1.5,1.5,+1.5,12,8,4,0,13,Matches,c596fcb0
517,Harry Wilson,wls WAL,FW,Fulham,25-324,1997,3.9,118,155,76.1,1778,298,66,75,88.0,42,52,80.8,7,16,43.8,0,0.1,0.2,-0.1,2,7,3,0,13,Matches,c6dc9ecd
518,Yoane Wissa,cd COD,FW,Brentford,26-159,1996,10.2,145,205,70.7,1921,398,96,113,85.0,32,46,69.6,7,17,41.2,2,2.2,0.7,-0.2,8,16,6,0,19,Matches,2500cef9
519,Maximilian Wöber,at AUT,DF,Leeds United,25-005,1998,3.3,153,211,72.5,2866,1287,59,73,80.8,79,95,83.2,14,37,37.8,0,0.2,0.0,-0.2,1,20,0,0,19,Matches,4b803b3c
520,Chris Wood,nz NZL,FW,Newcastle Utd,31-064,1991,5.0,66,106,62.3,786,149,40,67,59.7,16,25,64.0,4,5,80.0,0,0.3,0.3,-0.3,3,3,1,0,4,Matches,4e9a0555
521,Chris Wood,nz NZL,FW,Nott'ham Forest,31-064,1991,1.6,14,28,50.0,161,30,10,17,58.8,3,8,37.5,0,1,0.0,0,0.0,0.0,0.0,1,3,0,0,2,Matches,4e9a0555
522,Joe Worrall,eng ENG,DF,Nott'ham Forest,26-030,1997,13.0,519,653,79.5,10850,3838,149,175,85.1,283,325,87.1,85,139,61.2,0,0.5,0.4,-0.5,2,50,2,0,40,Matches,a5212312
523,Granit Xhaka,ch SUI,MF,Arsenal,30-135,1992,19.0,811,957,84.7,13083,3481,406,455,89.2,317,362,87.6,65,83,78.3,5,3.8,2.9,+1.2,33,92,24,2,124,Matches,e61b8aee
524,Ryan Yates,eng ENG,MF,Nott'ham Forest,25-080,1997,15.5,374,479,78.1,6395,1537,161,194,83.0,172,196,87.8,30,54,55.6,1,1.1,0.3,-0.1,6,22,2,0,36,Matches,c1fe2a48
525,Ashley Young,eng ENG,DF,Aston Villa,37-215,1985,13.2,549,738,74.4,9680,4041,262,294,89.1,230,289,79.6,49,115,42.6,0,0.8,0.6,-0.8,10,44,13,4,67,Matches,be927d03
526,Wilfried Zaha,ci CIV,FWMF,Crystal Palace,30-091,1992,18.5,368,460,80.0,5033,1064,241,272,88.6,99,117,84.6,15,27,55.6,2,2.4,2.1,-0.4,21,13,25,2,45,Matches,b2bc3b1f
527,Denis Zakaria,ch SUI,MF,Chelsea,26-081,1996,3.2,124,138,89.9,1711,464,71,76,93.4,40,41,97.6,4,5,80.0,0,0.0,0.1,0.0,0,3,0,0,4,Matches,384d58d9
528,Jordan Zemura,zw ZIM,DF,Bournemouth,23-087,1999,12.5,329,466,70.6,4750,2529,188,223,84.3,103,143,72.0,18,44,40.9,1,1.8,1.8,-0.8,17,28,10,4,33,Matches,e8271ad9
529,Oleksandr Zinchenko,ua UKR,DF,Arsenal,26-056,1996,11.0,736,842,87.4,11978,3661,376,399,94.2,303,352,86.1,40,58,69.0,1,0.6,1.1,+0.4,7,94,16,3,108,Matches,51cf8561
530,Hakim Ziyech,ma MAR,FWMF,Chelsea,29-327,1993,5.4,178,286,62.2,3004,1173,101,116,87.1,54,91,59.3,20,55,36.4,1,1.4,1.2,-0.4,10,14,12,5,31,Matches,6622454d
531,Kurt Zouma,fr FRA,DF,West Ham,28-105,1994,14.2,522,610,85.6,10113,3240,178,192,92.7,278,306,90.8,59,96,61.5,0,0.0,0.1,0.0,0,9,2,0,16,Matches,ce4246f5
532,Martin Ødegaard,no NOR,MF,Arsenal,24-054,1998,17.7,670,847,79.1,10254,3134,350,402,87.1,233,292,79.8,52,82,63.4,5,5.0,4.4,0.0,41,61,41,1,127,Matches,79300479