Rk,Player,Nation,Pos,Squad,Age,Born,90s,Touches,Def Pen,Def 3rd,Mid 3rd,Att 3rd,Att Pen,Live,Att,Succ,Succ%,Tkld,Tkld%,Carries,TotCarDist,PrgCarDist,PrgC,1/3Car,CPA,Mis,Dis,Rec,PrgR,Matches,-9999
1,Brenden Aaronson,us USA,MFFW,Leeds United,22-110,2000,17.7,778,7,77,337,380,44,778,66,21,31.8,31,47.0,473,2409,1002,27,19,7,46,55,534,100,Matches,5bc43860
2,Che Adams,sct SCO,FW,Southampton,26-211,1996,17.3,560,22,52,226,293,83,560,24,11,45.8,11,45.8,308,1253,360,11,8,8,60,16,428,79,Matches,f2bf1b0f
3,Tyler Adams,us USA,MF,Leeds United,23-360,1999,19.0,1318,29,293,821,215,3,1318,17,3,17.6,11,64.7,668,2605,1188,13,19,0,22,13,752,18,Matches,2b09d998
4,Tosin Adarabioyo,eng ENG,DF,Fulham,25-138,1997,12.2,709,116,385,311,18,3,709,3,2,66.7,1,33.3,352,1911,1170,6,8,0,2,3,427,1,Matches,c81d773d
5,Nayef Aguerd,ma MAR,DF,West Ham,26-316,1996,4.8,248,30,123,119,8,5,248,1,1,100.0,0,0.0,134,478,238,1,0,0,3,0,147,1,Matches,288e1e13
6,Naouirou Ahamada,fr FRA,MF,Crystal Palace,20-317,2002,0.1,10,0,0,7,3,2,10,0,0,,0,,5,25,7,1,0,1,0,0,8,2,Matches,a6c58494
7,Rayan Aït Nouri,fr FRA,DF,Wolves,21-248,2001,9.6,590,34,173,213,213,25,590,38,19,50.0,17,44.7,308,1733,997,25,12,10,19,9,358,67,Matches,9b398aea
8,Kristoffer Ajer,no NOR,DF,Brentford,24-298,1998,7.5,379,39,169,154,59,7,379,7,1,14.3,4,57.1,203,1097,604,10,5,0,3,8,215,10,Matches,a8c0acb7
9,Manuel Akanji,ch SUI,DF,Manchester City,27-205,1995,14.3,1267,74,468,710,92,20,1267,4,3,75.0,1,25.0,909,5536,3430,18,23,0,7,2,990,8,Matches,89ac64a6
10,Nathan Aké,nl NED,DF,Manchester City,27-356,1995,12.8,1259,58,407,727,131,20,1259,3,2,66.7,1,33.3,817,3818,2416,14,9,2,10,0,975,15,Matches,eaeca114
11,Marc Albrighton,eng ENG,FWMF,Leicester City,33-083,1989,2.6,174,6,33,62,80,5,174,1,1,100.0,0,0.0,83,397,149,5,5,0,4,2,116,18,Matches,b827d5b3
12,Thiago Alcántara,es ESP,MF,Liverpool,31-304,1991,12.8,1122,41,257,702,168,7,1122,28,19,67.9,4,14.3,634,3315,1541,12,18,0,11,18,802,22,Matches,77e84962
13,Carlos Alcaraz,ar ARG,MF,Southampton,20-071,2002,0.6,29,2,6,15,9,1,29,0,0,,0,,22,122,84,3,4,0,2,0,20,0,Matches,4abac767
14,Trent Alexander-Arnold,eng ENG,DF,Liverpool,24-125,1998,16.0,1560,49,359,780,428,27,1560,11,7,63.6,3,27.3,838,3137,1636,24,17,5,19,13,978,85,Matches,cd1acf9d
15,Alisson,br BRA,GK,Liverpool,30-130,1992,20.0,791,612,769,22,0,0,791,0,0,,0,,491,2427,1494,0,0,0,0,0,432,0,Matches,7a2e46a8
16,Dele Alli,eng ENG,MF,Everton,26-304,1996,0.4,20,0,1,8,11,2,20,1,0,0.0,1,100.0,11,30,3,0,0,0,3,1,14,1,Matches,cea4ee8f
17,Miguel Almirón,py PAR,FW,Newcastle Utd,28-364,1994,19.3,902,16,98,292,527,88,902,57,20,35.1,28,49.1,565,3804,1615,54,27,19,31,18,630,177,Matches,862a1c15
18,Julián Álvarez,ar ARG,FWMF,Manchester City,23-009,2000,6.4,262,3,13,105,146,36,262,11,6,54.5,4,36.4,150,885,417,18,7,9,10,9,199,45,Matches,15ab5a2b
19,Daniel Amartey,gh GHA,DF,Leicester City,28-050,1994,15.2,1091,159,564,489,40,5,1091,5,2,40.0,2,40.0,664,3210,1945,18,10,0,7,4,792,5,Matches,1a4ef233
20,Joachim Andersen,dk DEN,DF,Crystal Palace,26-254,1996,16.4,1249,234,721,487,45,20,1249,6,3,50.0,3,50.0,713,3498,1824,4,4,2,6,2,812,5,Matches,e34fc66d
21,Elliot Anderson,sct SCO,FWMF,Newcastle Utd,20-095,2002,1.3,100,2,17,33,53,19,100,13,2,15.4,7,53.8,63,459,256,14,5,7,3,3,65,12,Matches,de31038e
22,Jaidon Anthony,eng ENG,MFFW,Bournemouth,23-070,1999,8.0,423,11,74,157,197,22,423,23,7,30.4,16,69.6,238,1348,567,18,17,8,14,9,272,41,Matches,e4238fb1
23,Michail Antonio,jm JAM,FW,West Ham,32-318,1990,10.9,317,8,25,139,158,46,317,29,10,34.5,15,51.7,202,1255,583,23,15,11,40,21,260,63,Matches,ac05f970
24,Antony,br BRA,FW,Manchester Utd,22-350,2000,10.1,531,5,81,177,287,35,531,31,10,32.3,15,48.4,382,2475,1264,48,35,14,15,7,404,80,Matches,99127249
25,Cameron Archer,eng ENG,FWMF,Aston Villa,21-203,2001,0.5,15,0,1,8,7,3,15,1,1,100.0,0,0.0,15,114,72,3,1,1,2,3,13,3,Matches,05e8ca6d
26,Alphonse Areola,fr FRA,GK,West Ham,29-347,1993,1.2,43,41,43,0,0,0,43,0,0,,0,,26,92,43,0,0,0,0,0,27,0,Matches,2f965a72
27,Joe Aribo,ng NGA,MFFW,Southampton,26-203,1996,12.0,511,11,77,238,208,45,511,38,16,42.1,21,55.3,269,1176,586,17,10,7,31,18,320,57,Matches,328f7d51
28,Adam Armstrong,eng ENG,FW,Southampton,25-364,1997,11.4,367,7,54,140,182,36,367,30,8,26.7,18,60.0,208,1921,825,33,20,9,16,15,221,53,Matches,68c720b5
29,Stuart Armstrong,sct SCO,MFFW,Southampton,30-316,1992,8.5,456,9,79,185,199,20,456,20,9,45.0,9,45.0,290,2050,1056,34,26,3,15,14,327,49,Matches,97333cf5
30,Kepa Arrizabalaga,es ESP,GK,Chelsea,28-129,1994,12.5,512,400,507,5,0,0,512,0,0,,0,,296,1425,856,0,0,0,1,0,270,0,Matches,28d596a0
31,Pierre-Emerick Aubameyang,ga GAB,FW,Chelsea,33-236,1989,4.8,124,6,15,54,58,16,124,5,3,60.0,2,40.0,76,475,229,7,6,3,9,4,91,22,Matches,d5dd5f1f
32,Ludwig Augustinsson,se SWE,DF,Aston Villa,28-294,1994,0.9,51,3,19,15,17,2,51,1,0,0.0,1,100.0,29,180,27,0,2,0,0,0,21,3,Matches,9fec8860
33,Serge Aurier,ci CIV,DF,Nott'ham Forest,30-047,1992,11.0,712,59,271,277,175,8,712,15,5,33.3,5,33.3,308,1538,915,28,20,0,16,14,322,34,Matches,5c2b4f07
34,Taiwo Awoniyi,ng NGA,FW,Nott'ham Forest,25-181,1997,8.1,238,10,34,96,113,28,238,17,5,29.4,9,52.9,141,791,355,11,9,5,38,15,154,33,Matches,e5478b87
35,André Ayew,gh GHA,FW,Nott'ham Forest,33-054,1989,0.0,1,1,1,0,0,0,1,0,0,,0,,0,0,0,0,0,0,0,0,0,0,Matches,5dbefa9d
36,Jordan Ayew,gh GHA,FWMF,Crystal Palace,31-151,1991,15.6,682,32,109,323,270,37,682,69,26,37.7,29,42.0,393,2400,1053,40,21,13,52,42,473,83,Matches,da052c14
37,Luke Ayling,eng ENG,DF,Leeds United,31-168,1991,7.8,490,22,161,210,127,17,490,16,7,43.8,8,50.0,202,970,460,12,3,2,11,4,230,37,Matches,420d7c7d
38,César Azpilicueta,es ESP,DF,Chelsea,33-165,1989,11.4,896,64,317,366,218,14,896,9,5,55.6,4,44.4,425,1824,1071,15,12,0,7,3,541,55,Matches,53cad200
39,Benoît Badiashile,fr FRA,DF,Chelsea,21-320,2001,3.0,309,47,176,130,6,3,309,1,0,0.0,1,100.0,204,1051,696,4,0,0,0,1,229,1,Matches,06df8256
40,Leon Bailey,jm JAM,FWMF,Aston Villa,25-184,1997,14.6,562,8,58,197,320,56,562,73,27,37.0,40,54.8,354,2772,1117,54,24,25,34,39,389,122,Matches,3a233281
41,Stefan Bajcetic,es ESP,MF,Liverpool,18-110,2004,2.2,132,3,22,81,30,2,132,8,3,37.5,2,25.0,68,351,167,3,1,0,2,2,81,0,Matches,32e8417f
42,Patrick Bamford,eng ENG,FW,Leeds United,29-157,1993,6.6,207,8,16,84,108,41,206,8,2,25.0,5,62.5,93,380,157,5,5,6,23,7,135,42,Matches,93feac6e
43,Shandon Baptiste,gd GRN,MF,Brentford,24-307,1998,4.8,231,7,52,119,63,4,231,10,4,40.0,2,20.0,167,787,383,8,10,2,10,5,157,18,Matches,2886c9b5
44,Harvey Barnes,eng ENG,MFFW,Leicester City,25-062,1997,17.8,679,7,72,250,366,77,679,53,11,20.8,34,64.2,435,2973,1537,54,43,28,54,28,548,161,Matches,3ea50f67
45,Gavin Bazunu,ie IRL,GK,Southampton,20-354,2002,21.0,837,585,822,15,0,0,837,0,0,,0,,499,2623,1549,0,0,0,0,0,402,0,Matches,c91441dc
46,Mads Bech Sørensen,dk DEN,DFMF,Brentford,24-033,1999,0.2,14,1,4,8,2,0,14,0,0,,0,,2,3,0,0,0,0,0,0,5,0,Matches,30db8574
47,Jan Bednarek,pl POL,DF,Aston Villa,26-303,1996,1.1,79,9,39,40,1,0,79,0,0,,0,,47,291,177,1,0,0,0,0,53,0,Matches,4115ce4e
48,Jan Bednarek,pl POL,DF,Southampton,26-303,1996,2.8,169,20,87,78,5,4,169,0,0,,0,,72,182,60,0,1,0,0,0,76,1,Matches,4115ce4e
49,Donny van de Beek,nl NED,MF,Manchester Utd,25-297,1997,1.9,72,1,3,23,46,11,72,2,1,50.0,1,50.0,39,148,85,2,3,0,2,2,53,20,Matches,50dc94ce
50,Asmir Begović,ba BIH,GK,Everton,35-234,1987,1.0,33,31,33,0,0,0,33,0,0,,0,,19,75,47,0,0,0,0,0,13,0,Matches,7b4de647
51,Armel Bella Kotchap,de GER,DF,Southampton,21-060,2001,11.4,616,94,323,268,30,18,616,6,2,33.3,1,16.7,327,1773,855,3,6,2,9,5,317,2,Matches,a39d11bc
52,Saïd Benrahma,dz ALG,FWMF,West Ham,27-183,1995,12.5,615,10,70,224,331,41,613,79,31,39.2,37,46.8,404,2946,1443,56,30,19,35,21,459,151,Matches,5a04fd92
53,Rodrigo Bentancur,uy URU,MF,Tottenham,25-229,1997,16.0,1018,51,285,570,170,16,1018,32,20,62.5,11,34.4,550,2780,1307,24,14,1,20,16,693,18,Matches,3b8674e6
54,Victor Bernth Kristiansen,dk DEN,DF,Leicester City,20-055,2002,0.9,53,4,27,17,9,0,53,4,2,50.0,0,0.0,23,150,96,3,2,0,1,0,21,2,Matches,505486d6
55,Owen Bevan,wls WAL,DF,Bournemouth,19-106,2003,0.1,3,0,3,0,0,0,3,0,0,,0,,1,0,0,0,0,0,0,0,1,0,Matches,87966294
56,Giulian Biancone,fr FRA,DF,Nott'ham Forest,22-315,2000,0.2,25,2,19,5,1,0,25,0,0,,0,,10,76,61,2,1,0,0,0,13,1,Matches,de40e38c
57,Philip Billing,dk DEN,MFFW,Bournemouth,26-243,1996,16.3,705,38,168,319,226,38,705,24,12,50.0,10,41.7,377,1973,893,22,17,4,26,26,460,58,Matches,d328a254
58,Yves Bissouma,ml MLI,MF,Tottenham,26-163,1996,9.0,639,17,127,411,102,1,639,7,5,71.4,2,28.6,371,2011,816,10,8,0,13,5,465,7,Matches,6c203af0
59,Willy Boly,ci CIV,DF,Nott'ham Forest,32-006,1991,6.5,318,60,218,88,14,8,318,2,1,50.0,0,0.0,153,713,352,1,1,0,2,0,165,0,Matches,a4ac4b8f
60,Sven Botman,nl NED,DF,Newcastle Utd,23-028,2000,17.7,1045,182,614,387,48,32,1045,0,0,,0,,578,2617,1351,5,4,2,5,0,672,3,Matches,ccce7025
61,Jarrod Bowen,eng ENG,FWMF,West Ham,26-051,1996,20.9,772,13,102,274,400,88,770,52,12,23.1,27,51.9,427,3157,1070,47,25,27,43,32,476,126,Matches,79c84d1c
62,James Bree,eng ENG,DF,Southampton,25-121,1997,1.0,55,4,17,20,18,1,55,2,1,50.0,1,50.0,26,110,46,1,2,0,0,1,25,2,Matches,c07b7c5c
63,Armando Broja,al ALB,FW,Chelsea,21-152,2001,3.3,110,2,7,41,63,16,110,14,7,50.0,5,35.7,53,383,188,7,1,4,15,9,71,17,Matches,97220da2
64,Lewis Brunt,eng ENG,DF,Leicester City,22-095,2000,0.3,23,1,8,12,3,0,23,0,0,,0,,9,30,4,0,0,0,0,0,13,2,Matches,a2081c6b
65,Bryan,es ESP,MFFW,Tottenham,21-363,2001,1.6,80,1,13,30,37,2,80,5,2,40.0,3,60.0,55,337,145,4,3,0,5,3,61,15,Matches,7b5ab7f2
66,Emi Buendía,ar ARG,MFFW,Aston Villa,26-046,1996,13.6,741,15,109,347,291,47,741,27,10,37.0,13,48.1,454,2119,1020,29,23,14,31,26,527,76,Matches,66b76d44
67,Hugo Bueno,es ESP,DF,Wolves,20-144,2002,9.1,514,35,215,143,160,11,514,20,6,30.0,11,55.0,240,1813,988,34,22,4,11,6,274,43,Matches,bfc3b3a0
68,Facundo Buonanotte,ar ARG,MFFW,Brighton,18-048,2004,0.2,8,0,1,2,6,0,8,0,0,,0,,7,35,23,1,1,0,0,1,8,0,Matches,468a7a91
69,Dan Burn,eng ENG,DF,Newcastle Utd,30-276,1992,19.6,1173,102,479,508,192,36,1173,11,4,36.4,7,63.6,523,2519,1360,15,13,1,9,4,646,22,Matches,b2d31e83
70,Cafú,pt POR,MF,Nott'ham Forest,29-348,1993,0.1,3,1,2,1,0,0,3,0,0,,0,,2,12,7,0,0,0,0,0,1,0,Matches,85322440
71,Moisés Caicedo,ec ECU,MF,Brighton,21-099,2001,18.2,1284,51,297,724,282,16,1284,18,7,38.9,11,61.1,745,3193,1441,15,16,4,21,15,928,30,Matches,16264a81
72,Tom Cairney,sct SCO,MF,Fulham,32-020,1991,5.2,466,2,71,220,184,18,466,11,5,45.5,4,36.4,300,1649,821,21,18,6,13,10,354,26,Matches,a8748947
73,Duje Ćaleta-Car,hr CRO,DF,Southampton,26-145,1996,8.0,500,93,301,189,12,7,500,0,0,,0,,273,1376,693,2,1,0,1,0,311,0,Matches,94f8d10c
74,Dominic Calvert-Lewin,eng ENG,FW,Everton,25-330,1997,8.1,225,6,17,99,115,36,225,18,10,55.6,6,33.3,115,610,223,11,5,8,24,11,176,30,Matches,59e6e5bf
75,Chem Campbell,wls WAL,FWMF,Wolves,20-041,2002,0.8,47,1,6,19,23,5,47,4,2,50.0,2,50.0,39,303,70,2,6,1,3,6,36,10,Matches,6f711f67
76,João Cancelo,pt POR,DF,Manchester City,28-258,1994,14.2,1363,20,225,686,461,47,1363,58,28,48.3,23,39.7,837,4842,2791,71,39,21,18,14,1020,125,Matches,bd6351cd
77,Thomas Cannon,ie IRL,FW,Everton,20-043,2002,0.3,8,0,0,2,6,4,8,1,0,0.0,0,0.0,6,34,7,1,0,0,0,0,7,2,Matches,4506aec5
78,Sergi Canós,es ESP,FWDF,Brentford,26-007,1997,0.9,57,1,13,25,20,2,57,6,4,66.7,2,33.3,29,206,111,4,2,0,0,0,36,7,Matches,1137759d
79,Diego Carlos,br BRA,DF,Aston Villa,29-331,1993,2.0,140,8,49,85,9,4,140,0,0,,0,,92,284,150,0,2,0,2,0,100,0,Matches,b4a014b1
80,Fabio Carvalho,pt POR,MFFW,Liverpool,20-163,2002,3.7,183,2,31,69,86,26,183,5,2,40.0,2,40.0,115,517,212,7,8,2,10,15,136,24,Matches,966e28d0
81,Casemiro,br BRA,MF,Manchester Utd,30-351,1992,13.7,1054,63,316,567,181,14,1054,12,4,33.3,5,41.7,503,1675,755,8,11,0,14,10,667,23,Matches,4d224fe8
82,Matty Cash,pl POL,DF,Aston Villa,25-186,1997,13.2,807,40,224,373,216,9,807,16,8,50.0,3,18.8,408,2115,1287,34,25,3,16,4,456,49,Matches,2389cdc2
83,Timothy Castagne,be BEL,DF,Leicester City,27-066,1995,19.2,1265,71,441,517,310,32,1265,13,4,30.8,7,53.8,583,2294,1152,24,14,2,18,12,765,98,Matches,197640fd
84,Jonny Castro,es ESP,DF,Wolves,28-343,1994,11.3,853,40,294,372,197,12,853,28,13,46.4,12,42.9,437,2225,1276,22,14,3,10,12,525,37,Matches,e28868f3
85,Julio César Enciso,py PAR,FWMF,Brighton,19-017,2004,1.5,52,0,1,21,31,8,52,5,2,40.0,2,40.0,36,274,199,6,6,4,6,5,39,8,Matches,9cfbad36
86,Nathaniel Chalobah,eng ENG,MF,Fulham,28-059,1994,0.1,11,4,5,3,3,1,11,0,0,,0,,6,16,8,0,1,0,1,1,8,0,Matches,422862ea
87,Trevoh Chalobah,eng ENG,DF,Chelsea,23-219,1999,10.8,743,76,379,318,48,9,743,4,2,50.0,1,25.0,447,1626,847,8,4,0,5,4,510,8,Matches,5515376c
88,Calum Chambers,eng ENG,DFMF,Aston Villa,28-020,1995,1.2,94,11,52,37,7,0,94,0,0,,0,,67,345,238,2,0,0,1,0,63,0,Matches,dc6f5bdd
89,Ben Chilwell,eng ENG,DFMF,Chelsea,26-050,1996,4.7,368,5,88,153,128,7,368,6,2,33.3,4,66.7,187,1091,559,13,10,2,8,8,234,37,Matches,d2424d1b
90,Ryan Christie,sct SCO,MFFW,Bournemouth,27-352,1995,11.5,512,21,108,240,171,30,512,42,17,40.5,21,50.0,306,1867,834,21,16,5,25,24,322,37,Matches,26ce2263
91,Carney Chukwuemeka,eng ENG,MFFW,Chelsea,19-112,2003,2.2,129,4,29,45,57,11,129,7,2,28.6,5,71.4,75,596,424,13,3,0,8,3,80,13,Matches,b2f9c73e
92,Bobby Clark,eng ENG,MF,Liverpool,18-002,2005,0.1,7,0,0,0,7,1,7,1,0,0.0,1,100.0,3,3,0,0,0,0,2,0,3,2,Matches,73341ace
93,Nathaniel Clyne,eng ENG,DF,Crystal Palace,31-310,1991,12.4,727,32,228,354,148,3,727,8,3,37.5,4,50.0,322,1328,713,12,10,1,8,1,392,20,Matches,0442183b
94,Conor Coady,eng ENG,DF,Everton,29-349,1993,18.9,1135,202,671,447,25,9,1135,3,0,0.0,2,66.7,725,3444,2034,4,4,0,6,2,815,1,Matches,2928dca2
95,Jack Colback,eng ENG,MF,Nott'ham Forest,33-108,1989,3.1,100,10,42,50,10,0,100,0,0,,0,,28,198,110,4,4,0,4,1,40,3,Matches,963a9201
96,Séamus Coleman,ie IRL,DF,Everton,34-121,1988,9.5,513,44,191,206,122,8,513,16,6,37.5,7,43.8,238,1109,503,8,6,1,19,5,273,18,Matches,0420d84f
97,Nathan Collins,ie IRL,DF,Wolves,21-285,2001,16.4,1079,168,641,412,32,9,1079,7,6,85.7,0,0.0,592,2938,1549,9,8,2,9,5,742,3,Matches,a8c19eb8
98,Levi Colwill,eng ENG,DF,Brighton,19-348,2003,5.1,453,49,240,200,15,1,453,0,0,,0,,297,1667,1040,6,2,0,1,1,325,1,Matches,700783e7
99,Lewis Cook,eng ENG,MF,Bournemouth,26-006,1997,16.5,798,54,240,412,157,8,798,16,6,37.5,8,50.0,358,1888,741,9,15,1,13,14,434,8,Matches,2afc7272
100,Steve Cook,eng ENG,DF,Nott'ham Forest,31-296,1991,10.6,559,100,321,220,19,10,559,1,1,100.0,0,0.0,284,1293,577,1,3,0,3,2,350,0,Matches,3e5e4e63
101,Liam Cooper,sct SCO,DF,Leeds United,31-163,1991,12.3,743,80,387,333,29,18,743,3,1,33.3,0,0.0,356,1615,688,1,2,0,8,1,393,1,Matches,dc64b8b3
102,Maxwel Cornet,ci CIV,FW,West Ham,26-135,1996,1.0,42,0,6,9,27,4,42,0,0,,0,,24,90,31,2,0,1,3,2,32,15,Matches,beb391dd
103,Diego Costa,es ESP,FW,Wolves,34-125,1988,6.8,141,6,16,54,73,34,141,3,2,66.7,1,33.3,75,421,165,8,2,7,11,6,102,31,Matches,a190d597
104,Vladimír Coufal,cz CZE,DF,West Ham,30-171,1992,13.3,823,53,245,324,255,10,823,8,0,0.0,3,37.5,315,1924,1040,34,25,0,13,7,406,60,Matches,fdf3cb77
105,Philippe Coutinho,br BRA,MFFW,Aston Villa,30-242,1992,7.9,458,2,26,234,204,22,458,30,12,40.0,14,46.7,288,1644,700,17,26,4,21,14,343,64,Matches,0ef89a37
106,Conor Coventry,ie IRL,MFFW,West Ham,22-321,2000,0.0,0,0,0,0,0,0,0,0,0,,0,,0,0,0,0,0,0,0,0,0,0,Matches,a5ca9127
107,Aaron Cresswell,eng ENG,DF,West Ham,33-056,1989,17.0,1204,63,370,516,321,8,1204,6,2,33.3,3,50.0,570,2577,1265,27,21,1,4,6,736,69,Matches,4f974391
108,Marc Cucurella,es ESP,DF,Chelsea,24-202,1998,14.2,1165,53,359,514,300,10,1165,13,5,38.5,6,46.2,591,2377,1290,20,12,1,14,5,706,54,Matches,1daec722
109,Matheus Cunha,br BRA,FW,Wolves,23-258,1999,2.1,82,3,22,32,30,7,82,7,3,42.9,2,28.6,34,226,85,3,0,0,10,3,41,9,Matches,dc62b55d
110,Patson Daka,zm ZAM,FW,Leicester City,24-123,1998,7.8,244,11,23,93,130,36,244,9,4,44.4,4,44.4,113,649,291,11,6,6,30,8,162,48,Matches,ca45605e
111,Diogo Dalot,pt POR,DF,Manchester Utd,23-328,1999,14.1,976,71,337,398,247,27,976,23,13,56.5,6,26.1,479,2605,1343,34,16,12,14,4,559,54,Matches,d9565625
112,Mikkel Damsgaard,dk DEN,MFFW,Brentford,22-221,2000,3.2,166,1,26,77,64,9,166,7,3,42.9,3,42.9,88,333,144,4,4,1,8,1,94,12,Matches,215f3907
113,Danilo,br BRA,MF,Nott'ham Forest,21-286,2001,1.0,60,3,19,33,8,0,60,2,2,100.0,0,0.0,31,111,49,0,0,0,4,1,28,0,Matches,a816dbfb
114,Josh Dasilva,eng ENG,MF,Brentford,24-109,1998,10.9,519,7,96,237,194,22,519,34,20,58.8,9,26.5,366,2357,1120,42,29,6,16,18,385,37,Matches,60344e4f
115,Ben Davies,wls WAL,DF,Tottenham,29-291,1993,15.0,979,64,357,507,116,13,979,7,1,14.3,5,71.4,585,3250,2065,23,28,1,11,4,702,27,Matches,44781702
116,Tom Davies,eng ENG,MF,Everton,24-224,1998,4.6,232,10,58,138,36,10,232,3,1,33.3,2,66.7,106,443,212,2,1,0,11,1,152,7,Matches,9228b07c
117,Craig Dawson,eng ENG,DF,Wolves,32-279,1990,1.0,59,13,37,20,2,2,59,0,0,,0,,29,104,34,0,0,0,1,0,34,0,Matches,3e9e06cb
118,Craig Dawson,eng ENG,DF,West Ham,32-279,1990,8.0,380,53,211,142,28,14,380,1,0,0.0,1,100.0,193,1042,600,0,5,0,2,4,216,1,Matches,3e9e06cb
119,Kevin De Bruyne,be BEL,MF,Manchester City,31-226,1991,17.8,1220,9,72,458,707,70,1220,33,15,45.5,12,36.4,731,3848,2302,71,50,12,31,23,942,158,Matches,e46012d4
120,Siriki Dembélé,ci CIV,FWMF,Bournemouth,26-155,1996,1.2,71,1,10,30,33,3,71,10,6,60.0,3,30.0,47,311,160,5,2,1,9,5,50,11,Matches,11f54bd5
121,Leander Dendoncker,be BEL,MF,Wolves,27-300,1995,2.4,128,6,33,75,21,5,128,2,1,50.0,1,50.0,60,205,77,1,0,0,2,2,77,3,Matches,5a7301ae
122,Leander Dendoncker,be BEL,MF,Aston Villa,27-300,1995,3.8,192,11,54,109,29,4,192,4,2,50.0,2,50.0,84,380,173,1,4,0,5,1,103,1,Matches,5a7301ae
123,Emmanuel Dennis,ng NGA,FW,Nott'ham Forest,25-086,1997,4.1,171,0,20,63,92,18,171,23,7,30.4,12,52.2,109,682,328,9,11,4,19,15,123,26,Matches,2c44a35d
124,Halil Dervişoğlu,tr TUR,MF,Brentford,23-063,1999,0.1,1,0,0,0,1,0,1,0,0,,0,,2,13,0,0,0,1,0,1,2,0,Matches,9d8cf204
125,Kiernan Dewsbury-Hall,eng ENG,MF,Leicester City,24-156,1998,16.1,945,23,157,500,299,33,945,43,20,46.5,17,39.5,542,3069,1558,46,24,11,49,16,673,62,Matches,5c74c0f5
126,Ibrahima Diallo,fr FRA,MF,Southampton,23-338,1999,7.9,401,13,107,239,64,3,401,11,6,54.5,5,45.5,222,1105,537,5,4,0,15,7,228,6,Matches,11ff3d56
127,Rúben Dias,pt POR,DF,Manchester City,25-271,1997,9.7,972,70,365,555,55,14,972,3,3,100.0,0,0.0,581,2889,1617,5,14,1,0,0,762,1,Matches,31c69ef1
128,Luis Díaz,co COL,FW,Liverpool,26-027,1997,6.8,338,3,23,147,172,45,338,29,14,48.3,11,37.9,244,1586,624,21,14,12,14,24,284,72,Matches,4a1a9578
129,Eric Dier,eng ENG,DF,Tottenham,29-025,1994,20.3,1530,240,896,582,58,19,1530,0,0,,0,,951,4424,2106,5,7,1,9,3,1091,11,Matches,ac861941
130,Lucas Digne,fr FRA,DF,Aston Villa,29-204,1993,12.3,835,50,276,307,256,20,835,12,0,0.0,8,66.7,424,1737,933,22,7,1,15,10,481,70,Matches,1b84dbe1
131,Issa Diop,fr FRA,DF,Fulham,26-031,1997,11.7,848,87,378,462,18,8,848,2,2,100.0,0,0.0,542,3609,2313,5,2,0,4,0,588,3,Matches,a712ca2b
132,Moussa Djenepo,ml MLI,DFFW,Southampton,24-239,1998,6.4,304,13,81,140,87,11,304,30,13,43.3,13,43.3,169,1250,665,23,10,2,12,4,155,32,Matches,254147d4
133,Ben Doak,sct SCO,FW,Liverpool,17-090,2005,0.3,22,0,4,10,10,2,22,4,0,0.0,4,100.0,16,182,51,1,3,2,1,0,15,4,Matches,733f1a7d
134,Matt Doherty,ie IRL,DFMF,Tottenham,31-024,1992,7.4,500,27,144,184,172,24,500,12,5,41.7,4,33.3,247,953,443,16,5,2,12,3,306,57,Matches,d557d734
135,Gabriel Dos Santos,br BRA,DF,Arsenal,25-052,1997,20.0,1461,165,593,783,92,32,1461,1,0,0.0,0,0.0,890,4543,2823,10,16,1,10,3,1000,6,Matches,67ac5bb8
136,Abdoulaye Doucouré,ml MLI,MF,Everton,30-039,1993,3.5,174,6,42,82,52,11,174,3,2,66.7,1,33.3,97,416,219,2,2,0,3,2,113,6,Matches,02b29014
137,Cheick Doucouré,ml MLI,MF,Crystal Palace,23-032,2000,17.3,941,52,274,538,139,5,941,13,9,69.2,4,30.8,458,2331,1146,12,18,0,13,16,548,10,Matches,ce4f40c7
138,Flynn Downes,eng ENG,MF,West Ham,24-020,1999,3.2,144,4,21,95,28,2,144,0,0,,0,,80,304,100,1,2,1,6,3,96,7,Matches,69fdb896
139,Cody Drameh,eng ENG,DF,Leeds United,21-063,2001,0.8,44,1,7,26,11,0,44,1,1,100.0,0,0.0,17,48,10,0,1,0,1,1,23,3,Matches,e0d1510a
140,Shane Duffy,ie IRL,FWDF,Fulham,31-039,1992,0.1,5,0,2,3,0,0,5,0,0,,0,,1,1,0,0,0,0,1,0,2,0,Matches,7314bba4
141,Lewis Dunk,eng ENG,DF,Brighton,31-080,1991,20.0,1739,234,911,792,40,17,1739,1,1,100.0,0,0.0,1150,5749,2987,11,9,0,7,3,1294,0,Matches,282f75f3
142,Jhon Durán,co COL,FW,Aston Villa,19-058,2003,0.1,6,0,0,5,2,1,6,1,1,100.0,0,0.0,4,29,25,1,1,0,1,0,4,3,Matches,414184f7
143,Malcolm Ebiowei,eng ENG,MFFW,Crystal Palace,19-158,2003,0.4,21,0,1,8,12,2,21,5,2,40.0,3,60.0,14,107,30,2,1,0,5,0,15,9,Matches,fa9fa773
144,Ederson,br BRA,GK,Manchester City,29-176,1993,21.0,794,614,788,8,0,0,794,0,0,,0,,532,2454,1542,0,0,0,0,0,505,0,Matches,3bb7b8b4
145,Odsonne Édouard,fr FRA,FWMF,Crystal Palace,25-024,1998,11.9,430,17,48,209,177,54,430,25,7,28.0,17,68.0,220,1080,474,20,17,14,35,34,306,55,Matches,0562b7f1
146,Samuel Edozie,eng ENG,FWMF,Southampton,20-012,2003,5.9,254,4,46,76,136,29,254,34,10,29.4,15,44.1,169,1419,672,22,20,10,22,9,170,34,Matches,007414dd
147,Anthony Elanga,se SWE,FW,Manchester Utd,20-288,2002,4.4,181,4,25,62,94,25,181,12,3,25.0,6,50.0,101,578,215,10,3,5,11,7,129,25,Matches,2fba6108
148,Harvey Elliott,eng ENG,MFFW,Liverpool,19-311,2003,12.6,806,8,99,361,353,34,806,34,15,44.1,12,35.3,519,2757,1379,40,34,8,19,15,600,92,Matches,c8387671
149,Mohamed Elneny,eg EGY,MF,Arsenal,30-213,1992,1.3,63,2,11,42,11,0,63,0,0,,0,,38,134,37,1,0,0,0,0,49,1,Matches,47a34c4f
150,Mohamed Elyounoussi,no NOR,MFFW,Southampton,28-189,1994,15.6,628,34,124,259,250,42,628,21,11,52.4,10,47.6,325,2012,895,32,22,8,26,25,352,71,Matches,68dc0dac
151,Emerson,br BRA,DF,Tottenham,24-026,1999,13.1,876,66,315,304,262,34,876,19,10,52.6,3,15.8,426,2214,1292,33,20,6,15,12,509,81,Matches,df8b52a5
152,Christian Eriksen,dk DEN,MF,Manchester Utd,30-360,1992,16.5,1150,37,210,629,312,22,1150,8,2,25.0,6,75.0,661,2565,1262,16,18,1,19,14,831,42,Matches,980522ec
153,Pervis Estupiñán,ec ECU,DF,Brighton,25-019,1998,13.0,986,42,260,456,276,25,986,13,1,7.7,10,76.9,577,2682,1519,42,24,7,14,14,644,86,Matches,d38fdf53
154,Jonny Evans,nir NIR,DF,Leicester City,35-037,1988,9.0,753,95,367,379,8,2,753,0,0,,0,,455,1875,1055,6,4,0,2,0,551,0,Matches,f8fcd2a5
155,Eberechi Eze,eng ENG,MFFW,Crystal Palace,24-225,1998,17.0,884,9,144,445,318,38,884,64,33,51.6,25,39.1,511,2964,1431,39,35,17,39,30,574,65,Matches,ae4fc6a4
156,Łukasz Fabiański,pl POL,GK,West Ham,37-297,1985,19.8,582,516,580,2,0,0,582,0,0,,0,,309,2032,1360,0,0,0,1,0,221,0,Matches,9328b835
157,Fabinho,br BRA,MF,Liverpool,29-109,1993,13.9,1032,43,227,646,159,9,1032,3,1,33.3,2,66.7,563,2366,989,7,16,0,12,6,715,17,Matches,7f3b388c
158,Wout Faes,be BEL,DF,Leicester City,24-312,1998,15.0,1210,189,673,524,18,7,1210,5,3,60.0,2,40.0,696,3487,1897,4,1,0,9,3,849,1,Matches,9c221d14
159,João Félix,pt POR,FW,Chelsea,23-091,1999,0.6,35,0,2,20,14,5,35,4,2,50.0,1,25.0,19,130,98,5,2,2,2,0,29,10,Matches,8aafd64f
160,Evan Ferguson,ie IRL,FW,Brighton,18-113,2004,2.2,67,0,2,36,30,11,67,3,1,33.3,2,66.7,29,129,65,1,1,0,2,5,45,10,Matches,4596da74
161,Bruno Fernandes,pt POR,MFFW,Manchester Utd,28-154,1994,21.0,1297,46,207,517,584,73,1296,31,12,38.7,15,48.4,719,3333,1663,41,38,7,23,30,879,117,Matches,507c7bdf
162,Enzo Fernández,ar ARG,MF,Chelsea,22-023,2001,1.0,93,6,34,58,3,0,93,0,0,,0,,49,168,62,1,1,0,3,1,65,0,Matches,5ff4ab71
163,Mateo Fernández,es ESP,FWMF,Leeds United,19-113,2003,0.0,4,1,1,2,1,0,4,1,0,0.0,1,100.0,3,10,0,0,0,0,0,1,3,2,Matches,6ad43f9a
164,Roberto Firmino,br BRA,FWMF,Liverpool,31-130,1991,10.3,568,3,55,289,225,69,568,15,7,46.7,7,46.7,320,1303,526,12,7,6,26,19,434,72,Matches,4c370d81
165,Junior Firpo,es ESP,DF,Leeds United,26-171,1996,2.3,132,8,34,76,23,2,132,3,2,66.7,1,33.3,52,151,59,1,2,0,3,3,67,8,Matches,24f59bb2
166,Phil Foden,eng ENG,FWDF,Manchester City,22-257,2000,11.6,757,8,57,259,450,75,757,29,11,37.9,15,51.7,497,2168,923,23,20,6,23,22,608,163,Matches,ed1e53f3
167,Datro Fofana,ci CIV,FWMF,Chelsea,20-049,2002,0.2,9,0,0,3,6,3,9,3,2,66.7,1,33.3,2,7,5,0,0,0,2,0,4,3,Matches,e82900ef
168,Wesley Fofana,fr FRA,DF,Chelsea,22-054,2000,2.0,209,3,50,138,21,1,209,2,0,0.0,0,0.0,161,887,493,7,4,0,1,0,172,5,Matches,132a82f1
169,Wesley Fofana,fr FRA,DF,Leicester City,22-054,2000,2.0,169,11,68,97,7,3,169,3,2,66.7,0,0.0,116,647,365,3,5,2,3,0,115,1,Matches,132a82f1
170,Pablo Fornals,es ESP,FWMF,West Ham,26-352,1996,10.7,577,10,96,263,227,20,577,16,8,50.0,8,50.0,311,1625,775,19,19,7,13,10,391,65,Matches,82927de4
171,Adam Forshaw,eng ENG,MF,Leeds United,31-124,1991,1.8,79,2,14,56,11,0,79,5,4,80.0,1,20.0,44,221,90,0,2,0,4,1,51,0,Matches,9f1938ab
172,Fraser Forster,eng ENG,GK,Tottenham,34-329,1988,1.0,25,24,25,0,0,0,25,0,0,,0,,13,96,59,0,0,0,0,0,7,0,Matches,c3e39f12
173,Tyrese Francois,au AUS,FW,Fulham,22-208,2000,0.0,5,0,1,3,1,0,5,0,0,,0,,1,0,0,0,0,0,1,0,2,1,Matches,6722d4f0
174,Ryan Fraser,sct SCO,FW,Newcastle Utd,28-350,1994,3.5,147,1,18,51,80,9,147,2,1,50.0,0,0.0,94,600,322,8,7,1,7,1,107,23,Matches,d56543a0
175,Fred,br BRA,MF,Manchester Utd,29-341,1993,8.5,605,22,157,268,187,25,605,10,4,40.0,5,50.0,308,1197,616,7,14,1,20,9,359,28,Matches,b853e0ad
176,Ryan Fredericks,eng ENG,DF,Bournemouth,30-122,1992,5.0,247,23,75,100,74,5,247,6,1,16.7,4,66.7,105,644,356,11,9,1,4,3,141,23,Matches,c067631c
177,Remo Freuler,ch SUI,MF,Nott'ham Forest,30-300,1992,15.2,727,53,257,362,112,4,727,9,4,44.4,3,33.3,342,1575,686,5,10,0,13,5,389,5,Matches,98d2c2c4
178,Cody Gakpo,nl NED,FW,Liverpool,23-278,1999,2.8,75,1,5,23,48,15,75,6,3,50.0,1,16.7,42,190,111,4,2,2,3,7,55,17,Matches,1971591f
179,Conor Gallagher,eng ENG,MFFW,Chelsea,23-003,2000,9.2,619,20,123,296,208,25,619,25,9,36.0,12,48.0,376,1994,739,20,25,6,18,21,422,43,Matches,c2731c10
180,Idrissa Gana Gueye,sn SEN,MF,Everton,33-136,1989,13.6,811,36,244,472,105,3,811,13,5,38.5,5,38.5,439,2241,1108,15,14,0,17,9,478,9,Matches,72c812f3
181,Alejandro Garnacho,es ESP,FW,Manchester Utd,18-223,2004,3.6,183,1,19,37,130,36,183,24,6,25.0,14,58.3,133,1031,599,21,21,17,16,9,141,55,Matches,7aa8adfe
182,James Garner,eng ENG,MF,Everton,21-333,2001,1.6,99,6,18,57,26,4,99,2,1,50.0,1,50.0,51,280,73,1,2,1,1,1,54,1,Matches,4e015693
183,David de Gea,es ESP,GK,Manchester Utd,32-094,1990,22.0,718,593,714,4,0,0,718,0,0,,0,,426,2038,1249,0,0,0,0,0,419,0,Matches,7ba6d84e
184,Joe Gelhardt,eng ENG,FW,Leeds United,20-281,2002,2.4,115,4,10,52,54,14,115,9,1,11.1,7,77.8,68,189,66,2,2,2,9,7,84,21,Matches,01962d0d
185,Saman Ghoddos,ir IRN,MFFW,Brentford,29-156,1993,1.0,63,7,20,27,19,1,63,2,0,0.0,2,100.0,25,65,33,0,1,0,3,0,24,2,Matches,f7b1d4e0
186,Morgan Gibbs-White,eng ENG,MFFW,Nott'ham Forest,23-013,2000,16.3,755,8,78,310,378,39,755,42,24,57.1,16,38.1,424,2273,1013,33,26,10,55,30,494,93,Matches,32f60ed8
187,Morgan Gibbs-White,eng ENG,FWMF,Wolves,23-013,2000,2.0,119,1,18,53,49,4,119,8,2,25.0,5,62.5,62,257,137,4,3,1,3,1,82,12,Matches,32f60ed8
188,Billy Gilmour,sct SCO,MF,Brighton,21-243,2001,1.8,169,6,40,101,29,3,169,1,0,0.0,1,100.0,108,530,280,3,4,1,3,4,136,3,Matches,df10e27c
189,Degnand Gnonto,it ITA,FWMF,Leeds United,19-096,2003,8.0,375,4,45,123,218,23,375,40,11,27.5,24,60.0,261,1806,995,37,22,11,18,10,284,73,Matches,75fdd638
190,Ben Godfrey,eng ENG,DF,Everton,25-025,1998,2.3,109,10,46,53,13,3,109,2,1,50.0,1,50.0,61,295,129,0,1,0,2,0,62,0,Matches,9f7c837d
191,Toti Gomes,pt POR,DF,Wolves,24-024,1999,3.4,215,50,124,82,9,2,215,0,0,,0,,129,574,351,0,2,0,2,0,138,2,Matches,f0caab96
192,Joe Gomez,eng ENG,DF,Liverpool,25-262,1997,12.3,1153,83,451,658,51,4,1153,5,4,80.0,1,20.0,749,3507,2004,10,10,0,10,2,765,2,Matches,7a11550b
193,Sergio Gómez,es ESP,DFMF,Manchester City,22-158,2000,1.2,103,5,20,56,27,7,103,0,0,,0,,53,206,95,2,2,1,3,2,75,12,Matches,01e5f06e
194,Anthony Gordon,eng ENG,FW,Everton,21-350,2001,12.2,464,13,87,165,218,47,464,45,11,24.4,29,64.4,252,1875,704,28,23,13,32,23,290,67,Matches,2bd83368
195,Anthony Gordon,eng ENG,FW,Newcastle Utd,21-350,2001,0.2,14,0,0,5,9,2,14,0,0,,0,,9,70,37,1,1,0,1,0,13,3,Matches,2bd83368
196,Demarai Gray,eng ENG,FWMF,Everton,26-226,1996,18.7,851,17,77,320,464,69,850,57,16,28.1,28,49.1,506,3851,1878,66,42,35,53,38,558,129,Matches,4468ec10
197,Jack Grealish,eng ENG,FW,Manchester City,27-152,1995,11.6,679,8,59,227,408,71,679,53,20,37.7,18,34.0,498,4485,2099,78,48,32,19,18,553,158,Matches,b0b4fd3e
198,Sam Greenwood,eng ENG,MFFW,Leeds United,21-014,2002,3.5,195,4,37,85,77,5,195,5,1,20.0,3,60.0,94,403,206,5,5,1,4,5,97,5,Matches,f3354c07
199,Pascal Groß,de GER,MFDF,Brighton,31-239,1991,19.2,1291,31,214,562,521,54,1291,15,5,33.3,8,53.3,695,3117,1405,27,21,1,25,11,867,118,Matches,8aec0537
200,Vicente Guaita,es ESP,GK,Crystal Palace,36-030,1987,21.0,712,625,710,2,0,0,712,0,0,,0,,413,2130,1351,0,0,0,1,0,308,0,Matches,ab13a5aa
201,Gonçalo Guedes,pt POR,FWMF,Wolves,26-072,1996,7.9,280,3,28,105,153,30,280,15,5,33.3,7,46.7,174,1303,644,20,12,7,17,7,199,54,Matches,e6bc67d7
202,Marc Guéhi,eng ENG,DF,Crystal Palace,22-211,2000,20.0,1377,243,783,568,34,15,1377,7,2,28.6,1,14.3,793,3506,2027,7,6,0,9,4,913,2,Matches,d0706b27
203,Bruno Guimarães,br BRA,MF,Newcastle Utd,25-085,1997,15.5,1039,36,205,582,267,18,1039,47,21,44.7,17,36.2,663,3521,1446,17,24,1,20,36,751,12,Matches,82518f62
204,İlkay Gündoğan,de GER,MF,Manchester City,32-108,1990,13.9,934,17,115,476,347,51,934,23,6,26.1,11,47.8,517,2724,1373,32,22,4,16,14,721,77,Matches,819b3158
205,Darko Gyabi,eng ENG,FW,Leeds United,18-356,2004,0.1,8,0,1,4,3,1,8,1,0,0.0,0,0.0,4,5,3,0,0,0,1,0,2,0,Matches,56d838f7
206,Erling Haaland,no NOR,FW,Manchester City,22-203,2000,18.2,441,11,26,174,241,137,437,14,5,35.7,8,57.1,230,1013,373,19,5,17,26,18,330,92,Matches,1f44ac21
207,Lewis Hall,eng ENG,DFMF,Chelsea,18-154,2004,3.4,254,12,99,94,63,10,254,12,2,16.7,9,75.0,155,822,367,10,5,3,9,6,165,19,Matches,da011f18
208,Luke Harris,wls WAL,MFFW,Fulham,17-312,2005,0.1,14,0,0,8,6,0,14,0,0,,0,,9,46,14,0,0,0,0,1,13,0,Matches,8c3078cd
209,Jack Harrison,eng ENG,FWMF,Leeds United,26-081,1996,14.8,798,12,77,283,447,44,798,59,25,42.4,31,52.5,496,2671,1345,61,32,14,56,32,547,138,Matches,aa849a12
210,Kai Havertz,de GER,FWMF,Chelsea,23-243,1999,16.7,728,29,78,295,363,99,728,32,8,25.0,22,68.8,400,2134,800,33,20,20,57,28,543,127,Matches,fed7cb61
211,Jan Paul van Hecke,nl NED,DF,Brighton,22-246,2000,0.9,108,2,21,79,8,2,108,0,0,,0,,93,496,250,3,4,0,1,0,91,0,Matches,4fd08daa
212,Hwang Hee-chan,kr KOR,FW,Wolves,27-014,1996,7.7,254,5,40,114,106,17,254,16,6,37.5,7,43.8,143,858,408,16,4,6,21,12,166,35,Matches,169fd162
213,Dean Henderson,eng ENG,GK,Nott'ham Forest,25-334,1997,18.0,715,600,711,5,0,0,715,0,0,,0,,397,2242,1245,0,0,0,1,0,319,0,Matches,e5a76dfe
214,Jordan Henderson,eng ENG,MF,Liverpool,32-237,1990,10.2,825,18,139,498,194,17,825,7,2,28.6,3,42.9,474,2398,1049,20,17,1,7,5,622,25,Matches,935e6b8f
215,Wayne Hennessey,wls WAL,GK,Nott'ham Forest,36-016,1987,2.0,64,52,64,0,0,0,64,0,0,,0,,34,146,111,0,0,0,0,0,30,0,Matches,76eca7e2
216,Rico Henry,eng ENG,DF,Brentford,25-216,1997,19.9,856,70,261,329,280,21,856,24,11,45.8,9,37.5,406,2038,1034,31,22,8,34,26,420,68,Matches,8a3c1dc7
217,Son Heung-min,kr KOR,MFFW,Tottenham,30-216,1992,18.2,735,5,74,270,405,58,735,43,13,30.2,24,55.8,435,2837,1477,53,37,15,44,32,509,122,Matches,92e7e919
218,Aaron Hickey,sct SCO,DF,Brentford,20-244,2002,8.2,404,22,106,212,90,9,404,25,7,28.0,11,44.0,248,1317,809,22,7,0,7,4,252,25,Matches,1780bb4a
219,Joseph Hodge,ie IRL,MF,Wolves,20-148,2002,1.9,103,5,25,47,31,3,103,0,0,,0,,50,156,76,1,2,0,1,2,65,4,Matches,bd8a5d95
220,Pierre Højbjerg,dk DEN,MF,Tottenham,27-188,1995,20.8,1594,71,397,916,295,20,1594,16,12,75.0,3,18.8,918,4315,2078,27,26,6,28,28,1180,52,Matches,8b04d6c1
221,Rob Holding,eng ENG,DF,Arsenal,27-142,1995,0.2,8,2,6,2,0,0,8,0,0,,0,,2,5,2,0,0,0,0,0,2,0,Matches,d79a8c87
222,Mason Holgate,eng ENG,DF,Everton,26-110,1996,3.6,198,27,87,100,11,4,198,3,3,100.0,0,0.0,78,368,247,4,2,0,2,0,109,2,Matches,d0042ab9
223,Will Hughes,eng ENG,MF,Crystal Palace,27-298,1995,3.6,194,13,46,92,58,6,194,2,0,0.0,2,100.0,88,464,261,4,3,1,5,4,100,9,Matches,a0666d3e
224,Omari Hutchinson,eng ENG,FW,Chelsea,19-102,2003,0.3,15,0,0,4,11,2,15,0,0,,0,,11,61,23,1,0,1,1,1,11,1,Matches,bd9553e6
225,Kelechi Iheanacho,ng NGA,FWMF,Leicester City,26-129,1996,4.1,160,3,10,60,94,21,160,11,3,27.3,8,72.7,103,547,224,11,4,8,12,12,139,38,Matches,c92e1a31
226,Danny Ings,eng ENG,FW,Aston Villa,30-201,1992,9.2,267,12,26,106,139,49,265,16,10,62.5,6,37.5,163,718,260,15,6,9,20,17,186,46,Matches,07802f7f
227,Danny Ings,eng ENG,FW,West Ham,30-201,1992,0.3,14,2,7,3,4,1,14,1,0,0.0,0,0.0,8,16,6,0,0,0,1,1,8,2,Matches,07802f7f
228,Alexander Isak,se SWE,FW,Newcastle Utd,23-141,1999,3.2,87,1,6,23,62,18,86,11,2,18.2,8,72.7,41,234,125,4,5,2,4,4,57,17,Matches,8e92be30
229,Alex Iwobi,ng NGA,MF,Everton,26-282,1996,20.8,1105,33,215,552,357,32,1105,40,18,45.0,20,50.0,662,3488,1574,38,30,4,38,29,764,81,Matches,6ca5ec4b
230,Daniel James,wls WAL,FW,Fulham,25-091,1997,4.0,157,7,18,50,94,14,157,7,1,14.3,2,28.6,94,816,468,15,7,4,7,6,104,27,Matches,c931d9f9
231,Daniel James,wls WAL,FW,Leeds United,25-091,1997,2.2,66,1,9,26,32,6,66,6,1,16.7,2,33.3,35,233,112,6,2,3,3,1,39,9,Matches,c931d9f9
232,Reece James,eng ENG,DFMF,Chelsea,23-063,1999,7.4,620,11,123,273,227,14,620,14,6,42.9,5,35.7,332,1912,1075,29,17,4,7,6,419,67,Matches,1265a93a
233,Vitaly Janelt,de GER,MFDF,Brentford,24-275,1998,15.0,767,44,218,411,143,22,767,16,9,56.3,6,37.5,398,1715,779,10,13,0,11,10,443,15,Matches,8449d35e
234,Pontus Jansson,se SWE,DF,Brentford,31-361,1991,5.7,286,47,174,108,4,4,286,2,2,100.0,0,0.0,149,603,241,1,0,0,1,1,167,0,Matches,172e52d8
235,Mathias Jensen,dk DEN,MF,Brentford,27-039,1996,17.6,1082,19,220,503,368,19,1082,34,11,32.4,18,52.9,504,1958,740,14,14,1,37,21,562,40,Matches,0f134faf
236,Gabriel Jesus,br BRA,FW,Arsenal,25-312,1997,13.5,637,16,53,242,345,123,637,66,27,40.9,31,47.0,370,2068,894,30,15,18,54,40,485,122,Matches,b66315ae
237,Raúl Jiménez,mx MEX,FW,Wolves,31-280,1991,3.6,103,6,9,40,54,20,103,4,2,50.0,1,25.0,55,273,122,4,3,1,7,7,82,19,Matches,b561db50
238,Joelinton,br BRA,MFFW,Newcastle Utd,26-179,1996,17.8,1016,45,183,465,382,66,1016,62,26,41.9,27,43.5,519,2996,1400,40,30,4,50,39,656,102,Matches,c17bfb65
239,Ben Johnson,eng ENG,DF,West Ham,23-016,2000,6.0,396,33,169,173,58,1,396,11,6,54.5,2,18.2,175,905,398,8,4,0,7,5,216,9,Matches,9319781b
240,Brennan Johnson,wls WAL,FW,Nott'ham Forest,21-262,2001,19.0,473,3,44,173,272,66,471,47,19,40.4,19,40.4,256,2383,1257,50,28,20,46,12,297,91,Matches,0cd31129
241,Curtis Jones,eng ENG,MFFW,Liverpool,22-010,2001,2.1,169,3,26,81,63,10,169,6,3,50.0,3,50.0,115,580,223,6,3,3,4,6,134,16,Matches,4fb9c88f
242,Mathias Jørgensen,dk DEN,DF,Brentford,32-292,1990,8.3,422,64,210,193,20,7,422,1,0,0.0,1,100.0,215,858,509,1,1,0,2,1,221,1,Matches,0db5d2c8
243,Jorginho,it ITA,MF,Chelsea,31-051,1991,14.2,1026,36,273,577,178,8,1024,10,3,30.0,4,40.0,545,2309,1090,13,27,1,14,9,706,10,Matches,45db685d
244,Jorginho,it ITA,MF,Arsenal,31-051,1991,0.4,32,0,8,18,7,2,32,1,1,100.0,0,0.0,15,70,54,0,0,0,0,0,27,0,Matches,45db685d
245,Diogo Jota,pt POR,FWMF,Liverpool,26-067,1996,2.2,100,7,21,45,37,11,100,8,2,25.0,5,62.5,52,399,196,8,5,4,7,4,60,18,Matches,178ae8f8
246,Hamed Junior Traorè,ci CIV,FW,Bournemouth,22-358,2000,0.7,31,0,7,14,14,1,31,3,2,66.7,1,33.3,18,247,132,5,4,1,4,1,14,3,Matches,570bb4b9
247,James Justin,eng ENG,DF,Leicester City,24-351,1998,13.9,980,48,296,475,216,8,980,19,4,21.1,11,57.9,417,1831,834,20,19,4,15,6,574,50,Matches,fb614c44
248,Sasa Kalajdzic,at AUT,FW,Wolves,25-217,1997,0.5,7,0,2,1,4,2,7,0,0,,0,,2,6,3,0,0,0,1,0,5,1,Matches,15f24fe7
249,Boubacar Kamara,fr FRA,MF,Aston Villa,23-078,1999,13.3,852,46,246,509,105,6,852,20,8,40.0,8,40.0,463,1765,833,11,7,0,11,9,529,6,Matches,cc77354e
250,Harry Kane,eng ENG,FW,Tottenham,29-196,1993,21.8,751,17,56,353,355,107,748,61,21,34.4,32,52.5,467,2602,1060,38,31,13,36,41,590,122,Matches,21a66f6a
251,N'Golo Kanté,fr FRA,MF,Chelsea,31-317,1991,1.9,144,1,15,77,54,4,144,6,4,66.7,2,33.3,72,469,250,7,4,1,3,2,105,7,Matches,b9fbae28
252,Michael Keane,eng ENG,DF,Everton,30-029,1993,0.3,10,4,6,1,3,0,10,0,0,,0,,1,6,5,0,0,0,1,0,3,0,Matches,c5b7c315
253,Neeskens Kebano,cd COD,FW,Fulham,30-336,1992,7.9,285,10,46,80,166,27,285,28,9,32.1,14,50.0,182,1403,794,37,14,10,15,10,194,63,Matches,18b999f4
254,Thilo Kehrer,de GER,DF,West Ham,26-141,1996,15.5,883,85,410,391,87,11,883,6,4,66.7,2,33.3,472,1977,1012,11,10,1,11,4,532,20,Matches,51dbeea9
255,Naby Keïta,gn GUI,MF,Liverpool,27-364,1995,2.7,177,3,22,100,55,11,177,3,2,66.7,0,0.0,95,435,200,4,6,0,11,4,121,20,Matches,f25c8e3a
256,Lloyd Kelly,eng ENG,DF,Bournemouth,24-126,1998,10.0,592,89,363,197,36,5,592,1,1,100.0,0,0.0,290,1656,1024,4,1,0,9,0,345,1,Matches,f31def1e
257,Max Kilman,eng ENG,DF,Wolves,25-262,1997,21.0,1444,263,880,541,32,14,1444,10,6,60.0,4,40.0,807,4303,2559,17,4,0,10,5,993,1,Matches,d0f72bf1
258,Mateusz Klich,pl POL,MFFW,Leeds United,32-241,1990,3.1,189,3,25,82,85,9,189,6,2,33.3,4,66.7,110,385,149,5,5,2,11,1,124,21,Matches,282679b4
259,Robin Koch,de GER,DF,Leeds United,26-207,1996,19.5,1116,153,599,481,45,11,1116,0,0,,0,,566,2500,1354,7,5,0,7,1,627,4,Matches,ea6bc03a
260,Ibrahima Konaté,fr FRA,DF,Liverpool,23-260,1999,4.2,328,35,181,138,11,5,328,2,1,50.0,0,0.0,184,900,465,3,2,0,4,0,203,2,Matches,5ed9b537
261,Ezri Konsa,eng ENG,DF,Aston Villa,25-109,1997,19.9,1191,169,669,487,41,9,1191,8,2,25.0,2,25.0,731,3015,1660,5,4,0,8,1,831,8,Matches,0313a347
262,Kalidou Koulibaly,sn SEN,DF,Chelsea,31-234,1991,12.4,1080,94,493,539,54,15,1080,6,4,66.7,2,33.3,684,3128,1623,9,8,0,8,1,790,3,Matches,da974c7b
263,Cheikhou Kouyaté,sn SEN,MFDF,Nott'ham Forest,33-050,1989,7.8,292,27,105,139,51,10,292,9,6,66.7,1,11.1,135,657,252,6,3,3,12,4,147,8,Matches,8d3c902d
264,Mateo Kovačić,hr CRO,MF,Chelsea,28-279,1994,9.3,732,17,130,466,142,3,732,9,2,22.2,5,55.6,470,2868,1311,20,18,1,13,12,565,10,Matches,79c0821a
265,Emil Krafth,se SWE,DF,Newcastle Utd,28-191,1994,0.0,1,0,1,0,0,0,1,0,0,,0,,0,0,0,0,0,0,0,0,0,0,Matches,77cf6852
266,Dejan Kulusevski,se SWE,MFFW,Tottenham,22-290,2000,11.7,547,13,88,191,285,65,547,59,22,37.3,32,54.2,364,2688,1457,53,26,31,42,22,379,106,Matches,df3cda47
267,Layvin Kurzawa,fr FRA,DF,Fulham,30-158,1992,1.5,64,8,35,18,11,0,64,4,2,50.0,2,50.0,29,100,20,1,0,0,3,1,24,2,Matches,41e7ef1c
268,Adam Lallana,eng ENG,MFFW,Brighton,34-275,1988,8.0,373,6,43,180,151,33,373,6,3,50.0,3,50.0,206,839,420,10,4,4,15,11,295,43,Matches,99813635
269,Tariq Lamptey,gh GHA,DF,Brighton,22-132,2000,4.4,318,14,67,112,142,15,318,26,7,26.9,13,50.0,195,1199,651,24,11,5,14,1,218,50,Matches,f4e433d4
270,Manuel Lanzini,ar ARG,MFFW,West Ham,29-359,1993,1.4,89,0,15,53,22,0,89,0,0,,0,,57,298,116,2,3,0,1,2,71,4,Matches,26f6dca8
271,Aymeric Laporte,es ESP,DF,Manchester City,28-258,1994,4.2,347,34,111,168,69,7,347,2,1,50.0,1,50.0,237,1447,1014,12,23,0,1,0,270,2,Matches,119b9a8e
272,Juan Larios,es ESP,DF,Southampton,19-028,2004,1.7,106,10,32,55,20,2,106,4,3,75.0,1,25.0,38,338,201,10,2,1,3,2,47,1,Matches,cf7fb13a
273,Jamaal Lascelles,eng ENG,DF,Newcastle Utd,29-090,1993,1.2,41,15,28,12,1,1,41,0,0,,0,,21,81,17,0,0,0,0,0,21,0,Matches,450ab6fc
274,Roméo Lavia,be BEL,MF,Southampton,19-034,2004,8.9,447,15,96,287,69,0,447,15,7,46.7,6,40.0,279,1316,535,3,8,0,6,15,259,8,Matches,ecad9aa5
275,Dexter Lembikisa,jm JAM,DF,Wolves,19-097,2003,0.3,13,0,3,7,3,0,13,0,0,,0,,7,29,21,2,0,0,0,0,8,3,Matches,0bdda685
276,Mario Lemina,ga GAB,MF,Wolves,29-161,1993,1.8,94,7,27,51,17,0,94,1,1,100.0,0,0.0,45,145,52,0,0,0,0,3,57,2,Matches,2b471f99
277,Clément Lenglet,fr FRA,DF,Tottenham,27-237,1995,10.4,817,90,411,357,52,8,817,4,1,25.0,2,50.0,581,2719,1613,14,13,0,7,1,624,5,Matches,4f28a6ff
278,Bernd Leno,de GER,GK,Fulham,30-342,1992,20.0,787,620,781,6,0,0,787,0,0,,0,,426,2164,1262,0,0,0,0,0,363,0,Matches,2628fd2b
279,Jefferson Lerma,co COL,MFDF,Bournemouth,28-107,1994,20.9,1107,116,384,553,185,26,1107,15,8,53.3,7,46.7,517,2130,1047,13,19,1,16,11,658,17,Matches,9b5ce51a
280,Jamal Lewis,nir NIR,DF,Newcastle Utd,25-015,1998,0.1,13,0,6,2,5,2,13,0,0,,0,,8,38,10,0,1,0,0,0,11,1,Matches,efb9215a
281,Rico Lewis,eng ENG,DFMF,Manchester City,18-080,2004,5.0,379,9,62,217,103,6,379,8,3,37.5,2,25.0,270,1438,751,17,13,3,3,9,304,10,Matches,b57e066e
282,Keane Lewis-Potter,eng ENG,FWMF,Brentford,21-352,2001,3.4,121,4,21,40,62,18,121,13,4,30.8,9,69.2,83,597,294,8,6,3,11,8,79,35,Matches,41f08ac8
283,Victor Lindelöf,se SWE,DF,Manchester Utd,28-207,1994,5.0,358,43,180,169,10,0,358,0,0,,0,,225,1065,546,1,0,0,0,0,253,0,Matches,f5deef4c
284,Jesse Lingard,eng ENG,FWMF,Nott'ham Forest,30-056,1992,9.6,332,7,41,179,119,14,332,9,5,55.6,4,44.4,191,916,467,10,10,0,14,9,235,31,Matches,810e3c74
285,Diego Llorente,es ESP,DF,Leeds United,29-177,1993,7.2,506,59,283,210,15,6,506,3,2,66.7,1,33.3,303,1566,721,2,1,0,6,1,312,1,Matches,bba30585
286,Hugo Lloris,fr FRA,GK,Tottenham,36-045,1986,21.0,682,623,681,1,0,0,682,0,0,,0,,374,2109,1296,0,0,0,2,0,303,0,Matches,8f62b6ee
287,Renan Lodi,br BRA,DF,Nott'ham Forest,24-307,1998,11.2,587,41,218,229,148,9,587,18,8,44.4,6,33.3,295,1576,808,15,9,1,7,9,294,38,Matches,ed9f7cfe
288,Ruben Loftus-Cheek,eng ENG,MFDF,Chelsea,27-017,1996,10.6,657,23,121,353,191,30,657,33,15,45.5,13,39.4,374,2101,1169,31,16,5,19,14,472,46,Matches,e97fd090
289,Sean Longstaff,eng ENG,MF,Newcastle Utd,25-102,1997,17.7,915,30,177,481,262,44,915,18,4,22.2,13,72.2,458,1872,744,9,7,3,20,19,591,73,Matches,a2b105e0
290,Jamal Lowe,jm JAM,MFFW,Bournemouth,28-203,1994,0.1,4,0,0,3,1,0,4,0,0,,0,,2,7,1,0,0,0,0,0,3,0,Matches,b2856bc0
291,Douglas Luiz,br BRA,MF,Aston Villa,24-276,1998,15.9,1097,30,261,631,219,7,1096,22,9,40.9,8,36.4,583,2994,1353,24,18,2,16,16,671,16,Matches,6f7d826d
292,Lyanco,br BRA,DF,Southampton,26-008,1997,7.6,411,45,197,187,35,6,411,7,5,71.4,2,28.6,220,1152,609,5,5,1,10,4,198,1,Matches,b5bf1770
293,Alexis Mac Allister,ar ARG,MF,Brighton,24-047,1998,16.2,1116,32,237,625,263,9,1113,24,15,62.5,5,20.8,629,2692,1290,20,21,1,14,16,778,17,Matches,83d074ff
294,James Maddison,eng ENG,MFFW,Leicester City,26-078,1996,13.2,743,8,75,353,317,53,743,29,9,31.0,11,37.9,496,2669,1200,34,20,14,23,14,575,76,Matches,ee38d9c5
295,Noni Madueke,eng ENG,FW,Chelsea,20-336,2002,0.5,36,0,4,18,15,1,36,3,2,66.7,0,0.0,24,173,73,3,0,1,1,1,26,5,Matches,bf34eebd
296,Harry Maguire,eng ENG,DF,Manchester Utd,29-341,1993,4.3,299,34,149,133,17,4,299,1,0,0.0,1,100.0,167,921,573,3,1,0,0,0,200,2,Matches,d8931174
297,Riyad Mahrez,dz ALG,FWMF,Manchester City,31-353,1991,10.0,673,3,39,243,397,57,673,32,10,31.3,12,37.5,450,2424,1080,34,26,19,16,10,509,128,Matches,892d5bb1
298,Ainsley Maitland-Niles,eng ENG,MFDF,Southampton,25-164,1997,6.0,332,24,106,170,59,3,332,3,3,100.0,0,0.0,130,663,263,3,4,1,6,5,191,9,Matches,e3a5814e
299,Tyrell Malacia,nl NED,DF,Manchester Utd,23-176,1999,9.4,564,35,213,225,131,7,564,10,2,20.0,8,80.0,264,1352,693,14,12,1,12,3,302,20,Matches,6b6c793c
300,Orel Mangala,be BEL,MF,Nott'ham Forest,24-328,1998,7.1,315,8,60,196,62,5,315,20,7,35.0,10,50.0,172,910,428,10,3,2,3,6,202,6,Matches,a572e291
301,Javier Manquillo,es ESP,DF,Newcastle Utd,28-280,1994,0.1,8,1,2,2,4,0,8,0,0,,0,,5,46,31,2,0,0,0,0,5,1,Matches,758dd7f0
302,Sekou Mara,fr FRA,FWMF,Southampton,20-194,2002,3.6,125,1,14,56,60,16,125,17,7,41.2,10,58.8,75,396,141,2,7,0,15,11,84,19,Matches,3544641e
303,Solly March,eng ENG,FWDF,Brighton,28-204,1994,19.1,1015,35,133,316,575,79,1015,58,26,44.8,19,32.8,608,3859,1716,59,30,27,37,25,685,213,Matches,bb5fbd2b
304,Emiliano Marcondes,dk DEN,MF,Bournemouth,27-337,1995,0.1,3,1,1,2,0,0,3,1,0,0.0,0,0.0,2,11,7,0,0,0,0,0,2,0,Matches,4d960fc3
305,Marquinhos,br BRA,MF,Arsenal,19-308,2003,0.0,3,0,0,2,1,0,3,0,0,,0,,2,6,1,0,0,0,0,0,3,0,Matches,59878425
306,Anthony Martial,fr FRA,FW,Manchester Utd,27-066,1995,5.1,173,3,5,70,98,23,172,9,4,44.4,4,44.4,107,431,207,7,5,4,15,4,145,28,Matches,8b788c01
307,Martinelli,br BRA,FW,Arsenal,21-236,2001,18.5,911,9,80,261,585,134,911,81,33,40.7,36,44.4,601,4519,2009,78,36,44,54,40,671,213,Matches,48a5a5d6
308,Emiliano Martínez,ar ARG,GK,Aston Villa,30-160,1992,18.4,698,575,689,9,0,0,698,0,0,,0,,380,1979,1192,0,0,0,2,0,326,0,Matches,7956236f
309,Lisandro Martínez,ar ARG,DF,Manchester Utd,25-022,1998,17.4,1335,219,699,602,44,6,1335,9,9,100.0,0,0.0,775,3938,2310,11,13,0,10,7,848,1,Matches,bac46a10
310,Pape Matar Sarr,sn SEN,MF,Tottenham,20-148,2002,1.2,98,8,34,52,12,1,98,3,0,0.0,1,33.3,76,383,170,1,0,0,2,1,71,0,Matches,feb5d972
311,Jean-Philippe Mateta,fr FRA,FW,Crystal Palace,25-226,1997,4.9,160,10,24,66,71,23,160,5,2,40.0,3,60.0,80,330,101,4,5,1,17,8,108,22,Matches,50e6dc35
312,Joël Matip,cm CMR,DF,Liverpool,31-185,1991,7.1,554,71,283,247,30,4,554,6,3,50.0,3,50.0,334,2236,1584,18,15,1,6,1,379,1,Matches,b217ef29
313,Neal Maupay,fr FRA,FW,Everton,26-179,1996,7.9,230,1,18,104,111,25,230,9,3,33.3,6,66.7,132,582,196,7,4,3,25,13,171,34,Matches,4bcf39f6
314,Kevin Mbabu,ch SUI,DFFW,Fulham,27-296,1995,1.6,114,4,38,40,38,0,114,6,4,66.7,2,33.3,57,273,159,4,2,0,1,2,59,11,Matches,493924a7
315,Bryan Mbeumo,cm CMR,FW,Brentford,23-186,1999,17.6,646,11,101,190,365,59,645,38,18,47.4,16,42.1,382,2132,800,31,12,14,37,31,425,112,Matches,6afaebf2
316,John McGinn,sct SCO,MF,Aston Villa,28-114,1994,13.6,682,17,112,394,181,16,682,22,12,54.5,6,27.3,384,1541,690,9,13,1,28,17,438,29,Matches,90f91999
317,Scott McKenna,sct SCO,DF,Nott'ham Forest,26-089,1996,16.2,835,146,483,315,39,16,835,7,5,71.4,1,14.3,416,1830,909,5,1,0,2,2,488,1,Matches,4e5a4cbc
318,Weston McKennie,us USA,MF,Leeds United,24-165,1998,1.4,83,6,23,44,17,0,83,0,0,,0,,32,104,52,0,1,0,1,4,45,2,Matches,01c3aff5
319,Dwight McNeil,eng ENG,FWDF,Everton,23-079,1999,10.9,539,16,96,216,232,21,539,38,15,39.5,21,55.3,282,1961,712,27,15,5,22,15,327,47,Matches,fc15fb84
320,Scott McTominay,sct SCO,MF,Manchester Utd,26-063,1996,8.4,387,50,132,177,79,14,387,14,8,57.1,4,28.6,173,795,303,5,7,1,16,9,211,15,Matches,d93c2511
321,Ben Mee,eng ENG,DF,Brentford,33-141,1989,19.4,1179,163,632,470,81,34,1179,2,2,100.0,0,0.0,626,2370,1069,2,5,2,12,1,641,7,Matches,8df7a2fb
322,Edouard Mendy,sn SEN,GK,Chelsea,30-345,1992,8.5,286,247,283,3,0,0,286,1,0,0.0,1,100.0,160,744,399,0,0,0,0,0,148,0,Matches,33887998
323,Nampalys Mendy,sn SEN,MF,Leicester City,30-231,1992,3.9,213,6,61,138,16,0,213,2,2,100.0,0,0.0,116,627,203,1,2,0,2,0,151,3,Matches,1598599e
324,Chris Mepham,wls WAL,DF,Bournemouth,25-096,1997,16.9,880,203,589,279,17,7,880,1,0,0.0,0,0.0,433,2030,1067,1,3,1,4,3,530,0,Matches,fed96827
325,Illan Meslier,fr FRA,GK,Leeds United,22-344,2000,21.0,689,561,684,5,1,0,689,0,0,,0,,343,2108,1185,0,0,0,1,0,248,0,Matches,6b625ac2
326,Alexander Mighten,eng ENG,FW,Nott'ham Forest,20-304,2002,0.1,4,0,1,0,3,0,4,3,0,0.0,2,66.7,4,27,10,0,0,0,0,0,4,1,Matches,10ec4169
327,Luka Milivojević,rs SRB,MF,Crystal Palace,31-308,1991,3.3,202,16,72,98,35,0,202,0,0,,0,,107,445,150,1,2,0,2,5,118,2,Matches,2ce2508a
328,James Milner,eng ENG,DFMF,Liverpool,37-036,1986,6.1,496,15,114,218,165,20,496,16,8,50.0,6,37.5,252,1127,553,12,10,4,13,9,310,52,Matches,2f90f6b8
329,Yerry Mina,co COL,DF,Everton,28-139,1994,2.6,207,25,92,107,9,3,207,0,0,,0,,120,603,328,1,1,0,3,0,141,1,Matches,6d5701f2
330,Tyrone Mings,eng ENG,DF,Aston Villa,29-333,1993,19.0,1123,180,623,466,36,11,1123,5,1,20.0,2,40.0,679,3608,1922,9,6,1,5,4,737,6,Matches,8397a50c
331,Tyrick Mitchell,eng ENG,DF,Crystal Palace,23-161,1999,15.2,921,56,339,407,183,15,921,16,7,43.8,6,37.5,421,1677,813,14,11,3,16,11,489,39,Matches,5cbd1eb0
332,Kaoru Mitoma,jp JPN,FWDF,Brighton,25-265,1997,9.3,518,9,70,178,276,57,518,42,22,52.4,14,33.3,346,2587,1552,54,28,27,22,12,395,98,Matches,74618572
333,Aleksandar Mitrović,rs SRB,FW,Fulham,28-146,1994,17.2,627,22,63,303,265,108,621,36,17,47.2,18,50.0,350,1524,568,18,11,8,55,45,494,78,Matches,3925dbd6
334,Kieffer Moore,wls WAL,FW,Bournemouth,30-185,1992,12.4,449,29,48,257,145,41,449,11,1,9.1,6,54.5,224,860,268,10,8,2,38,30,346,44,Matches,01ce9e70
335,Andrew Moran,ie IRL,FW,Brighton,19-117,2003,0.1,6,0,0,5,1,0,6,0,0,,0,,3,2,1,0,0,0,2,0,3,1,Matches,c4720845
336,Álex Moreno,es ESP,DF,Aston Villa,29-246,1993,2.4,198,7,49,87,63,9,198,9,2,22.2,5,55.6,107,477,207,5,4,2,7,4,126,27,Matches,16e9d0ea
337,Mason Mount,eng ENG,MFFW,Chelsea,24-030,1999,16.8,906,17,103,393,421,52,906,28,15,53.6,10,35.7,490,2601,1363,46,32,11,36,23,631,106,Matches,9674002f
338,Lucas Moura,br BRA,MFDF,Tottenham,30-180,1992,1.1,75,0,10,27,38,5,75,7,2,28.6,5,71.4,40,247,88,3,3,1,4,3,50,10,Matches,2b622f01
339,João Moutinho,pt POR,MF,Wolves,36-154,1986,15.0,933,32,195,513,232,9,933,7,3,42.9,4,57.1,467,1887,997,13,18,0,9,5,592,20,Matches,f5a00fa4
340,Divin Mubama,eng ENG,FW,West Ham,18-107,2004,0.0,1,0,0,1,0,0,1,0,0,,0,,1,9,2,0,0,0,0,0,1,0,Matches,92868cb5
341,Mykhailo Mudryk,ua UKR,FW,Chelsea,22-035,2001,0.9,43,1,11,16,16,5,43,4,2,50.0,1,25.0,25,119,47,1,0,1,2,2,29,3,Matches,049a888d
342,Jacob Murphy,eng ENG,FW,Newcastle Utd,27-350,1995,6.1,246,6,28,82,140,30,246,14,2,14.3,8,57.1,156,1150,747,33,19,12,5,11,172,54,Matches,de112b84
343,Enock Mwepu,zm ZAM,FWMF,Brighton,25-039,1998,2.4,116,1,12,54,53,7,116,5,1,20.0,4,80.0,58,318,141,5,2,1,10,5,80,17,Matches,1d5cab82
344,Vitaliy Mykolenko,ua UKR,DFMF,Everton,23-256,1999,19.8,1112,79,387,489,246,16,1112,17,7,41.2,10,58.8,477,2087,1088,25,25,3,16,6,578,47,Matches,30d4a2e5
345,Keylor Navas,cr CRC,GK,Nott'ham Forest,36-056,1986,1.0,39,33,39,0,0,0,39,0,0,,0,,12,117,53,0,0,0,0,0,4,0,Matches,ecada4fc
346,Wilfred Ndidi,ng NGA,MFDF,Leicester City,26-055,1996,9.7,680,46,227,406,57,4,680,2,2,100.0,0,0.0,366,1537,729,9,11,0,10,6,448,2,Matches,6b47c5db
347,Reiss Nelson,eng ENG,FW,Arsenal,23-061,1999,0.7,47,0,5,7,36,8,47,1,1,100.0,0,0.0,26,197,125,8,2,4,0,4,39,12,Matches,c5bdb6e3
348,Pedro Neto,pt POR,FWMF,Wolves,22-337,2000,6.7,323,2,39,93,197,37,323,39,12,30.8,23,59.0,215,1591,796,26,14,13,19,7,228,79,Matches,7ba2eaa9
349,Neto,br BRA,GK,Bournemouth,33-205,1989,10.5,336,289,335,1,0,0,336,0,0,,0,,178,1082,736,0,0,0,1,0,102,0,Matches,a9dc785c
350,Rúben Neves,pt POR,MF,Wolves,25-333,1997,20.0,1450,116,514,729,221,13,1448,15,7,46.7,6,40.0,747,3435,1645,17,18,1,15,9,940,7,Matches,44bfb6c5
351,Moussa Niakhate,fr FRA,DF,Nott'ham Forest,26-338,1996,1.8,81,22,58,19,4,3,81,3,0,0.0,3,100.0,23,94,44,0,0,0,1,1,28,0,Matches,00242715
352,Rasmus Nissen,dk DEN,DF,Leeds United,25-213,1997,12.6,810,46,276,335,203,15,810,9,4,44.4,4,44.4,325,943,426,12,4,4,3,1,404,58,Matches,39769cff
353,Eddie Nketiah,eng ENG,FW,Arsenal,23-255,1999,7.7,273,8,24,103,150,52,273,25,10,40.0,10,40.0,180,1204,460,23,10,11,21,11,205,52,Matches,a53649b7
354,Christian Nørgaard,dk DEN,MF,Brentford,28-336,1994,9.7,541,43,176,295,76,14,541,9,3,33.3,5,55.6,238,783,331,0,3,0,6,5,262,2,Matches,df0a4c90
355,Matheus Nunes,pt POR,MF,Wolves,24-166,1998,14.9,714,34,161,320,246,33,714,38,16,42.1,14,36.8,449,3117,1563,37,33,4,23,18,507,79,Matches,e6af02e0
356,Darwin Núñez,uy URU,FW,Liverpool,23-230,1999,11.0,363,7,26,102,239,101,363,16,5,31.3,8,50.0,207,1433,792,37,15,21,26,13,273,95,Matches,4d77b365
357,Ethan Nwaneri,eng ENG,FW,Arsenal,15-325,2007,0.0,1,0,0,0,1,0,1,0,0,,0,,0,0,0,0,0,0,0,0,0,0,Matches,7f94982c
358,Lewis O'Brien,eng ENG,MF,Nott'ham Forest,24-118,1998,6.5,297,19,72,161,71,3,297,17,7,41.2,3,17.6,157,947,518,13,9,2,12,7,166,3,Matches,089667a5
359,Martin Ødegaard,no NOR,MF,Arsenal,24-054,1998,17.7,996,14,99,423,486,71,996,39,22,56.4,14,35.9,574,3167,1458,48,30,16,22,26,711,82,Matches,79300479
360,Angelo Ogbonna,it ITA,DF,West Ham,34-262,1988,4.3,185,29,107,70,8,4,185,0,0,,0,,81,327,78,0,0,0,0,3,92,1,Matches,74b2cd7e
361,Michael Olise,fr FRA,MFFW,Crystal Palace,21-059,2001,14.4,906,9,115,380,426,38,906,63,22,34.9,29,46.0,514,2984,1538,50,34,17,46,23,613,108,Matches,c4486bac
362,Robin Olsen,se SWE,GK,Aston Villa,33-032,1990,2.6,120,101,118,2,0,0,120,0,0,,0,,71,365,186,0,0,0,1,0,48,0,Matches,e7ee38c3
363,Amadou Onana,be BEL,MF,Everton,21-177,2001,16.5,832,39,191,492,164,30,832,38,15,39.5,16,42.1,429,2403,1068,22,22,4,26,9,554,23,Matches,828657ff
364,Josh Onomah,eng ENG,MF,Fulham,25-288,1997,0.2,11,0,3,4,4,0,11,1,0,0.0,1,100.0,5,38,24,1,0,0,1,1,5,0,Matches,6612cd8c
365,Paul Onuachu,ng NGA,FW,Southampton,28-257,1994,0.5,18,1,2,10,6,2,18,0,0,,0,,7,21,0,0,0,0,2,2,14,2,Matches,c06d1086
366,Frank Onyeka,ng NGA,MF,Brentford,25-039,1998,4.9,188,12,59,81,49,13,188,9,1,11.1,5,55.6,100,341,158,3,5,1,5,6,99,10,Matches,2944f86f
367,Mislav Oršić,hr CRO,MF,Southampton,30-042,1992,0.1,4,0,2,0,2,0,4,0,0,,0,,2,10,7,0,0,0,0,0,1,0,Matches,ee950928
368,Dango Ouattara,bf BFA,MF,Bournemouth,20-363,2002,2.0,87,11,21,29,39,13,87,7,1,14.3,5,71.4,47,357,128,8,2,3,5,3,59,12,Matches,2f9e4435
369,Alex Oxlade-Chamberlain,eng ENG,FWMF,Liverpool,29-178,1993,3.5,145,3,17,67,64,15,145,13,4,30.8,8,61.5,84,590,234,11,7,3,12,10,104,24,Matches,38c7feef
370,David Ozoh,,FW,Crystal Palace,17-254,2005,0.0,4,0,0,0,4,0,4,0,0,,0,,2,1,1,0,0,0,1,0,4,0,Matches,d00d45ab
371,João Palhinha,pt POR,MF,Fulham,27-215,1995,20.7,1016,50,241,629,157,26,1016,19,6,31.6,9,47.4,451,1630,541,4,8,2,21,16,521,14,Matches,a78ff07f
372,Cole Palmer,eng ENG,FWMF,Manchester City,20-279,2002,1.3,95,2,9,32,54,15,95,8,5,62.5,2,25.0,65,369,184,9,2,7,9,3,75,18,Matches,dc7f8a28
373,Emerson Palmieri,it ITA,DFMF,West Ham,28-190,1994,5.1,303,14,70,141,97,14,303,11,3,27.3,5,45.5,134,929,544,21,12,3,4,4,201,29,Matches,e0bc6fdc
374,Lucas Paquetá,br BRA,MF,West Ham,25-166,1997,11.9,724,28,139,398,196,28,723,20,7,35.0,9,45.0,360,1426,511,6,14,2,21,18,481,36,Matches,9b6f7fd5
375,Thomas Partey,gh GHA,MF,Arsenal,29-241,1993,16.1,1309,45,248,839,230,13,1309,20,13,65.0,5,25.0,766,3455,1801,14,16,1,19,11,948,15,Matches,529f49ab
376,Nathan Patterson,sct SCO,DFMF,Everton,21-116,2001,11.0,661,49,233,240,195,16,661,20,9,45.0,10,50.0,270,1600,655,13,11,2,19,9,344,42,Matches,230f0471
377,Ben Pearson,eng ENG,MF,Bournemouth,28-036,1995,3.2,162,8,56,90,17,0,162,1,0,0.0,0,0.0,72,242,103,2,0,0,6,0,100,4,Matches,a6b461e7
378,Facundo Pellistri,uy URU,FW,Manchester Utd,21-051,2001,0.4,9,0,1,3,5,0,9,0,0,,0,,9,83,11,0,0,0,1,0,10,2,Matches,ac7e7b1c
379,Andreas Pereira,br BRA,MF,Fulham,27-039,1996,20.2,887,12,68,410,417,40,886,33,9,27.3,19,57.6,476,2644,1187,37,30,8,39,33,562,90,Matches,6639e500
380,Ayoze Pérez,es ESP,MFFW,Leicester City,29-195,1993,4.2,244,3,38,104,108,17,244,21,6,28.6,12,57.1,132,696,356,17,6,6,12,11,155,43,Matches,819aa8e7
381,Ivan Perišić,hr CRO,DFMF,Tottenham,34-007,1989,15.0,877,36,212,298,373,54,877,24,8,33.3,13,54.2,406,2377,1210,58,17,22,25,9,478,115,Matches,6fe90922
382,Romain Perraud,fr FRA,DF,Southampton,25-140,1997,12.3,693,25,196,249,254,28,693,25,5,20.0,18,72.0,357,1777,734,19,23,5,16,9,377,74,Matches,6dfd8f05
383,Kalvin Phillips,eng ENG,MF,Manchester City,27-069,1995,0.2,28,3,7,18,4,0,28,0,0,,0,,13,40,6,0,0,0,1,0,18,0,Matches,4f565d77
384,Nathaniel Phillips,eng ENG,DF,Liverpool,25-325,1997,0.7,89,3,26,63,2,1,89,0,0,,0,,69,574,393,0,1,0,2,0,60,0,Matches,515ebe8d
385,Jordan Pickford,eng ENG,GK,Everton,28-339,1994,20.0,800,597,780,21,0,0,800,0,0,,0,,427,2605,1715,0,0,0,1,1,339,0,Matches,4806ec67
386,Ethan Pinnock,jm JAM,DF,Brentford,29-256,1993,13.0,668,158,411,210,50,22,668,2,1,50.0,0,0.0,237,1022,575,1,0,0,1,6,285,7,Matches,e541326e
387,Daniel Podence,pt POR,FWMF,Wolves,27-111,1995,14.6,676,9,94,244,348,57,676,41,13,31.7,26,63.4,397,1939,877,31,20,15,39,25,469,110,Matches,7fcc71d8
388,Nick Pope,eng ENG,GK,Newcastle Utd,30-296,1992,21.0,582,488,578,4,0,0,582,0,0,,0,,308,1903,1151,0,0,0,0,0,207,0,Matches,4b40d9ca
389,Dennis Praet,be BEL,MF,Leicester City,28-271,1994,4.0,169,6,33,77,61,4,169,7,4,57.1,3,42.9,88,457,164,10,5,1,7,8,108,24,Matches,86695068
390,Isaac Price,nir NIR,MF,Everton,19-136,2003,0.4,17,1,5,10,2,0,17,1,1,100.0,0,0.0,10,40,12,1,0,0,1,0,13,0,Matches,b9403c99
391,Christian Pulisic,us USA,FWDF,Chelsea,24-144,1998,6.8,328,3,43,132,161,32,328,34,10,29.4,15,44.1,224,1674,842,28,20,11,23,6,251,56,Matches,1bf33a9a
392,Aaron Ramsdale,eng ENG,GK,Arsenal,24-271,1998,20.0,619,447,608,11,0,0,619,1,1,100.0,0,0.0,377,2127,1334,0,1,0,0,0,315,0,Matches,466fb2c5
393,Jacob Ramsey,eng ENG,MF,Aston Villa,21-257,2001,13.7,679,26,119,361,208,31,679,20,6,30.0,7,35.0,392,2345,1135,40,27,8,36,17,443,58,Matches,1544f145
394,Marcus Rashford,eng ENG,FW,Manchester Utd,25-101,1997,19.9,761,10,66,292,417,109,761,75,26,34.7,41,54.7,460,2953,1377,50,32,30,52,27,588,148,Matches,a1d5bd30
395,David Raya,es ESP,GK,Brentford,27-147,1995,21.0,943,682,890,54,0,0,943,0,0,,0,,577,3511,2271,0,0,0,0,0,421,0,Matches,98ea5115
396,Tim Ream,us USA,DF,Fulham,35-127,1987,22.0,1437,204,748,648,49,12,1437,9,6,66.7,1,11.1,870,4842,3277,18,8,0,12,3,938,1,Matches,28b40c9c
397,Nathan Redmond,eng ENG,DF,Southampton,28-340,1994,0.0,1,0,0,0,1,0,1,0,0,,0,,1,1,1,0,0,0,0,0,1,1,Matches,ab651565
398,Harrison Reed,eng ENG,MF,Fulham,28-013,1995,19.2,920,35,163,505,259,25,920,17,6,35.3,11,64.7,417,1908,676,19,16,1,29,14,532,50,Matches,803ae100
399,Bobby Reid,jm JAM,FWDF,Fulham,30-007,1993,19.3,903,46,186,362,366,52,903,32,10,31.3,16,50.0,480,2255,1105,40,28,11,41,23,557,127,Matches,0f7533cd
400,Declan Rice,eng ENG,MF,West Ham,24-026,1999,21.0,1483,63,379,885,249,13,1482,25,12,48.0,10,40.0,863,5258,2907,53,44,1,16,13,1003,23,Matches,1c7012b8
401,Chris Richards,us USA,DF,Crystal Palace,22-318,2000,3.9,196,39,102,76,18,5,196,0,0,,0,,77,311,151,1,1,0,1,1,100,1,Matches,0a3d6d2b
402,Richarlison,br BRA,MFFW,Tottenham,25-275,1997,5.4,238,7,48,89,104,29,238,16,4,25.0,11,68.8,145,846,391,14,13,4,19,12,166,41,Matches,fa031b34
403,Jaïro Riedewald,nl NED,DFFW,Crystal Palace,26-153,1996,0.5,42,6,16,16,10,0,42,0,0,,0,,17,73,46,1,1,0,0,0,22,1,Matches,7a1f2c08
404,Matt Ritchie,sct SCO,FW,Newcastle Utd,33-152,1989,0.0,3,0,0,3,0,0,3,0,0,,0,,2,5,5,0,0,0,0,0,3,0,Matches,71ef519e
405,Andrew Robertson,sct SCO,DF,Liverpool,28-335,1994,14.7,1221,42,360,484,384,39,1221,22,8,36.4,13,59.1,627,3236,1790,36,31,6,18,7,783,120,Matches,2e4f5f03
406,Antonee Robinson,us USA,DF,Fulham,25-185,1997,18.3,1178,68,402,501,296,16,1178,38,14,36.8,17,44.7,595,4074,2447,58,52,9,24,12,634,72,Matches,289601e6
407,Marc Roca,es ESP,MF,Leeds United,26-075,1996,16.2,1037,31,223,610,209,18,1037,16,11,68.8,5,31.3,571,2549,1352,16,14,4,15,12,655,15,Matches,da27e268
408,Marek Rodák,sk SVK,GK,Fulham,26-058,1996,2.0,65,58,65,0,0,0,65,0,0,,0,,36,206,94,0,0,0,1,0,21,0,Matches,17acc2ed
409,Rodri,es ESP,MF,Manchester City,26-232,1996,19.3,2053,70,436,1237,392,35,2053,14,9,64.3,4,28.6,1230,6202,3278,47,48,1,12,12,1553,22,Matches,6434f10d
410,Rodrigo,es ESP,FWMF,Leeds United,31-340,1991,14.4,549,15,49,260,242,78,548,16,6,37.5,10,62.5,310,1551,635,31,13,17,34,11,387,107,Matches,1fb1c435
411,Mads Roerslev,dk DEN,DF,Brentford,23-230,1999,9.4,324,33,128,111,86,9,324,5,2,40.0,2,40.0,150,573,230,7,6,1,12,9,165,27,Matches,57c94db2
412,Cristian Romero,ar ARG,DF,Tottenham,24-288,1998,13.3,933,145,459,422,56,8,933,11,7,63.6,4,36.4,594,2702,1521,12,13,1,13,8,608,4,Matches,a3d94a58
413,Oriol Romeu,es ESP,MF,Southampton,31-138,1991,0.8,37,2,5,19,14,1,37,1,1,100.0,0,0.0,18,128,66,2,1,0,1,0,20,0,Matches,4b511457
414,Cristiano Ronaldo,pt POR,FW,Manchester Utd,38-004,1985,5.8,220,8,25,91,106,32,220,9,4,44.4,3,33.3,94,477,288,9,6,3,7,3,167,33,Matches,dea698d9
415,Connor Ronan,ie IRL,MF,Wolves,24-340,1998,0.0,4,0,0,3,1,0,4,0,0,,0,,1,4,2,0,0,0,0,0,3,1,Matches,1b804500
416,Salomón Rondón,ve VEN,FW,Everton,33-146,1989,1.2,36,1,2,15,19,4,36,1,1,100.0,0,0.0,16,33,3,0,1,0,1,1,32,7,Matches,b318a643
417,Joe Rothwell,eng ENG,MFDF,Bournemouth,28-029,1995,1.7,86,5,21,45,21,1,86,6,2,33.3,4,66.7,38,258,115,0,1,0,0,0,45,1,Matches,10a10454
418,Georginio Rutter,fr FRA,FW,Leeds United,20-295,2002,0.6,22,2,4,7,11,2,22,6,2,33.3,4,66.7,11,30,13,1,0,0,2,2,13,0,Matches,c64c01fc
419,José Sá,pt POR,GK,Wolves,30-023,1993,21.0,762,686,760,2,0,0,762,1,1,100.0,0,0.0,427,2547,1650,0,0,0,2,0,356,0,Matches,903b6e8b
420,Marcel Sabitzer,at AUT,MF,Manchester Utd,28-329,1994,1.0,65,5,16,23,26,2,65,0,0,,0,,28,97,42,0,2,0,0,1,33,3,Matches,e280527c
421,Allan Saint-Maximin,fr FRA,FW,Newcastle Utd,25-334,1997,6.1,291,5,32,102,164,31,291,50,22,44.0,21,42.0,205,1959,1176,43,22,15,14,16,228,65,Matches,2b16cb1a
422,Bukayo Saka,eng ENG,FW,Arsenal,21-157,2001,19.0,976,9,81,260,647,109,975,78,27,34.6,38,48.7,627,4771,2476,98,52,46,43,28,706,265,Matches,bc7dc64d
423,Mohamed Salah,eg EGY,FW,Liverpool,30-239,1992,19.7,778,3,46,228,510,148,778,64,21,32.8,38,59.4,517,3051,1374,51,24,40,62,48,612,206,Matches,e342ad68
424,William Saliba,fr FRA,DF,Arsenal,21-322,2001,19.8,1444,132,647,773,29,10,1444,8,6,75.0,1,12.5,932,4653,2661,5,4,1,12,5,989,1,Matches,972aeb2a
425,Mohammed Salisu,gh GHA,DF,Southampton,23-298,1999,20.0,1392,198,701,589,112,17,1392,9,7,77.8,2,22.2,684,3183,1443,5,11,0,4,9,717,4,Matches,0b33f6ad
426,Albert Sambi Lokonga,be BEL,MF,Crystal Palace,23-110,1999,0.2,35,2,10,22,4,0,35,0,0,,0,,24,104,57,0,0,0,0,2,25,1,Matches,1b4f1169
427,Albert Sambi Lokonga,be BEL,MF,Arsenal,23-110,1999,2.2,154,6,32,95,29,0,154,2,1,50.0,0,0.0,96,393,145,0,6,0,1,1,113,2,Matches,1b4f1169
428,Davinson Sánchez,co COL,DF,Tottenham,26-242,1996,6.2,468,61,244,195,30,8,468,4,1,25.0,2,50.0,269,1033,537,4,2,0,2,2,321,3,Matches,da7b447d
429,Robert Sánchez,es ESP,GK,Brighton,25-083,1997,20.0,734,618,730,4,0,0,734,0,0,,0,,462,2166,1345,0,0,0,0,0,418,0,Matches,6a713852
430,Jadon Sancho,eng ENG,FW,Manchester Utd,22-321,2000,8.3,393,2,44,138,217,44,393,24,9,37.5,13,54.2,252,1582,878,37,15,21,25,7,292,67,Matches,dbf053da
431,Morgan Sanson,fr FRA,MF,Aston Villa,28-175,1994,0.1,9,1,1,4,4,0,9,0,0,,0,,5,11,9,0,0,0,1,0,5,0,Matches,6e7f1353
432,Pablo Sarabia,es ESP,FW,Wolves,30-274,1992,1.2,45,0,9,18,21,3,45,3,1,33.3,2,66.7,25,139,63,1,0,0,0,1,29,4,Matches,9744ff80
433,Jeremy Sarmiento,ec ECU,MF,Brighton,20-238,2002,1.8,86,0,12,35,39,10,86,10,6,60.0,3,30.0,60,312,102,5,3,1,4,7,69,18,Matches,ac0d576d
434,Gianluca Scamacca,it ITA,FW,West Ham,24-039,1999,10.3,273,5,13,135,128,38,273,14,6,42.9,6,42.9,143,660,282,13,7,3,23,18,203,48,Matches,8790f988
435,Gustavo Scarpa,br BRA,MF,Nott'ham Forest,29-035,1994,1.2,71,2,16,36,20,0,71,1,1,100.0,0,0.0,47,408,285,8,4,0,0,0,51,3,Matches,2964fd20
436,Kevin Schade,de GER,FWMF,Brentford,21-074,2001,0.3,17,0,1,8,8,2,17,2,0,0.0,2,100.0,6,132,16,1,0,1,0,1,10,1,Matches,52afb588
437,Fabian Schär,ch SUI,DF,Newcastle Utd,31-051,1991,19.8,1250,150,619,528,116,42,1250,10,3,30.0,5,50.0,654,3527,2298,19,17,1,11,5,713,14,Matches,c8aa95da
438,Jeffrey Schlupp,gh GHA,MF,Crystal Palace,30-048,1992,17.3,821,46,207,453,177,25,821,29,12,41.4,12,41.4,422,1902,809,20,15,6,18,16,480,35,Matches,3312f911
439,Nélson Semedo,pt POR,DF,Wolves,29-085,1993,13.2,775,64,256,335,196,9,775,21,8,38.1,11,52.4,407,2420,1346,28,27,1,22,12,434,62,Matches,d04b94db
440,Antoine Semenyo,gh GHA,FW,Bournemouth,23-033,2000,1.0,29,1,3,17,11,2,29,2,1,50.0,1,50.0,18,201,118,3,5,2,4,1,22,3,Matches,efd2ec23
441,Marcos Senesi,ar ARG,DF,Bournemouth,25-275,1997,15.3,888,177,580,292,26,7,888,4,2,50.0,2,50.0,479,2228,1241,3,4,0,10,4,510,1,Matches,35141f4c
442,Ryan Sessegnon,eng ENG,DF,Tottenham,22-267,2000,9.0,494,29,157,171,168,27,494,10,4,40.0,4,40.0,233,1435,815,24,11,5,11,10,270,64,Matches,6aa3e78b
443,Luke Shaw,eng ENG,DF,Manchester Utd,27-212,1995,16.7,1409,84,438,675,308,15,1409,14,1,7.1,10,71.4,786,3843,2040,42,29,1,14,5,861,50,Matches,9c94165b
444,Jonjo Shelvey,eng ENG,MF,Newcastle Utd,30-347,1992,0.4,28,0,8,18,2,0,28,0,0,,0,,10,63,19,0,0,0,0,0,17,0,Matches,3727dd3c
445,Bernardo Silva,pt POR,MFFW,Manchester City,28-183,1994,15.7,1125,18,156,499,479,66,1125,47,21,44.7,20,42.6,694,4929,2519,65,52,24,19,23,845,137,Matches,3eb22ec9
446,Thiago Silva,br BRA,DF,Chelsea,38-140,1984,18.9,1717,259,891,793,37,18,1717,3,2,66.7,0,0.0,1084,5007,2894,3,8,0,3,1,1238,1,Matches,86e7deaf
447,Ellis Simms,eng ENG,FW,Everton,22-035,2001,0.2,5,0,0,4,2,0,5,0,0,,0,,3,11,10,0,1,0,0,0,4,2,Matches,26d3b5be
448,Luis Sinisterra,co COL,FW,Leeds United,23-237,1999,6.0,297,2,26,142,133,19,297,28,13,46.4,12,42.9,179,1024,561,18,8,6,10,12,221,52,Matches,8e16dd48
449,Oliver Skipp,eng ENG,MF,Tottenham,22-146,2000,2.2,113,7,30,48,37,2,113,1,0,0.0,1,100.0,60,277,140,4,5,0,1,1,77,10,Matches,6250083a
450,Adam Smith,eng ENG,DF,Bournemouth,31-286,1991,19.2,968,59,389,418,175,9,968,19,4,21.1,12,63.2,415,1796,925,16,14,1,16,3,506,18,Matches,20b104bc
451,Emile Smith Rowe,eng ENG,MFFW,Arsenal,22-196,2000,0.6,29,1,8,7,14,1,29,3,2,66.7,1,33.3,11,49,9,0,0,0,0,1,14,3,Matches,17695062
452,Cédric Soares,pt POR,DF,Arsenal,31-162,1991,0.3,27,2,8,9,10,0,27,0,0,,0,,14,87,67,1,2,0,0,0,20,0,Matches,839c14e1
453,Dominic Solanke,eng ENG,FWMF,Bournemouth,25-148,1997,14.9,434,23,74,187,184,59,434,44,17,38.6,25,56.8,270,1899,713,26,16,11,55,32,312,69,Matches,e77dc3b2
454,Manor Solomon,il ISR,FW,Fulham,23-200,1999,0.7,28,2,10,8,12,0,28,4,1,25.0,3,75.0,18,93,40,0,1,0,3,3,14,3,Matches,886f9aac
455,Tomáš Souček,cz CZE,MF,West Ham,27-347,1995,17.5,811,64,267,399,146,39,811,8,2,25.0,4,50.0,335,1214,440,6,7,0,14,10,463,26,Matches,6613c819
456,Boubakary Soumaré,fr FRA,MF,Leicester City,23-347,1999,9.3,596,24,188,376,40,0,596,6,4,66.7,2,33.3,310,1417,599,10,4,0,10,11,402,11,Matches,ae59b359
457,Harry Souttar,au AUS,DF,Leicester City,24-110,1998,1.0,45,11,33,11,1,1,45,0,0,,0,,22,88,49,0,0,0,0,0,28,1,Matches,0a6cb1b1
458,Çağlar Söyüncü,tr TUR,DF,Leicester City,26-262,1996,0.9,57,11,37,20,0,0,57,0,0,,0,,34,162,104,1,0,0,0,0,41,0,Matches,21166ff4
459,Djed Spence,eng ENG,FWDF,Tottenham,22-184,2000,0.1,12,0,3,1,8,2,12,1,0,0.0,0,0.0,8,92,66,2,1,1,0,2,10,2,Matches,9bc9a519
460,Jack Stacey,eng ENG,DF,Bournemouth,26-309,1996,3.3,167,17,66,56,47,2,167,6,2,33.3,4,66.7,73,458,221,9,4,1,3,4,76,15,Matches,558807c0
461,Junior Stanislas,eng ENG,MF,Bournemouth,33-075,1989,0.7,34,0,3,15,16,3,34,0,0,,0,,18,92,13,0,1,0,1,1,27,5,Matches,6992791d
462,Jay Stansfield,eng ENG,FW,Fulham,20-077,2002,1.0,35,2,7,14,15,7,35,0,0,,0,,13,88,35,2,2,0,2,2,23,4,Matches,b2626673
463,Jack Stephens,eng ENG,DF,Bournemouth,29-013,1994,2.0,78,13,51,27,1,1,78,0,0,,0,,32,166,89,0,0,0,0,0,40,1,Matches,6adbc307
464,Jack Stephens,eng ENG,DF,Southampton,29-013,1994,0.5,33,4,8,17,8,0,33,0,0,,0,,16,135,86,3,2,0,0,1,25,0,Matches,6adbc307
465,Raheem Sterling,eng ENG,FWMF,Chelsea,28-063,1994,12.7,534,2,39,164,340,67,534,49,15,30.6,31,63.3,382,2218,1102,43,28,27,32,36,450,106,Matches,b400bde0
466,John Stones,eng ENG,DF,Manchester City,28-257,1994,13.1,1127,57,346,654,132,15,1127,7,4,57.1,0,0.0,748,4107,2100,21,24,1,4,2,894,18,Matches,5eecec3d
467,Pascal Struijk,nl NED,DF,Leeds United,23-182,1999,18.6,1300,61,382,579,345,25,1300,18,9,50.0,7,38.9,543,2060,1087,22,21,1,23,9,645,45,Matches,f4d296e4
468,Kamaldeen Sulemana,gh GHA,MF,Southampton,20-359,2002,0.5,23,0,4,8,11,2,23,4,2,50.0,2,50.0,17,103,15,1,1,0,1,0,19,4,Matches,a62f8bf1
469,Crysencio Summerville,nl NED,FW,Leeds United,21-102,2001,7.5,329,4,50,127,159,25,329,22,7,31.8,10,45.5,217,1250,682,25,13,8,21,16,241,43,Matches,df04eb4b
470,Sam Surridge,eng ENG,FW,Nott'ham Forest,24-196,1998,2.9,114,8,24,41,53,14,114,5,2,40.0,2,40.0,56,274,120,2,4,1,11,3,75,13,Matches,b017b770
471,Japhet Tanganga,eng ENG,DF,Tottenham,23-315,1999,0.7,44,3,17,26,1,0,44,1,1,100.0,0,0.0,31,156,82,0,1,0,3,1,27,1,Matches,e9971f2d
472,Matt Targett,eng ENG,DF,Newcastle Utd,27-144,1995,4.7,315,12,80,132,105,0,315,0,0,,0,,135,485,295,2,5,0,4,3,165,12,Matches,e514ab62
473,James Tarkowski,eng ENG,DF,Everton,30-082,1992,21.0,1333,226,696,603,42,33,1333,6,5,83.3,1,16.7,654,3063,1657,8,2,0,12,3,828,4,Matches,15ea812b
474,Marcus Tavernier,eng ENG,MFFW,Bournemouth,23-324,1999,14.3,707,22,144,280,309,43,707,68,30,44.1,33,48.5,406,2895,1400,49,33,16,35,30,438,99,Matches,5c0da4a4
475,Kenny Tete,nl NED,DF,Fulham,27-123,1995,14.7,1008,55,278,498,242,14,1008,10,4,40.0,4,40.0,429,2115,1151,36,27,1,13,12,488,32,Matches,77d7c96f
476,Tetê,br BRA,FW,Leicester City,22-359,2000,0.9,40,0,8,21,14,5,40,8,6,75.0,1,12.5,26,286,163,5,1,3,1,1,28,7,Matches,7120a04d
477,Luke Thomas,eng ENG,DF,Leicester City,21-244,2001,7.7,542,24,216,260,70,3,542,8,4,50.0,3,37.5,231,935,405,5,4,1,5,5,282,7,Matches,fc027d02
478,Youri Tielemans,be BEL,MF,Leicester City,25-278,1997,18.3,1385,36,314,795,291,10,1383,19,12,63.2,4,21.1,687,2890,1537,25,18,1,27,10,968,46,Matches,56f7a928
479,Kieran Tierney,sct SCO,DF,Arsenal,25-249,1997,5.2,358,14,79,163,117,6,358,2,0,0.0,1,50.0,195,1139,541,15,11,0,5,0,210,21,Matches,fce2302c
480,Harry Toffolo,eng ENG,DF,Nott'ham Forest,27-174,1995,6.8,340,31,108,117,120,8,340,8,3,37.5,4,50.0,141,553,252,7,4,3,9,5,170,32,Matches,a105d46a
481,Takehiro Tomiyasu,jp JPN,DF,Arsenal,24-096,1998,5.7,412,23,102,228,86,7,412,3,1,33.3,2,66.7,211,1018,465,7,6,0,5,3,237,13,Matches,b3af9be1
482,James Tomkins,eng ENG,DF,Crystal Palace,33-317,1989,1.7,128,14,89,36,3,0,128,1,1,100.0,0,0.0,72,296,186,1,1,0,2,0,85,1,Matches,e7ca0439
483,Ivan Toney,eng ENG,FW,Brentford,26-330,1996,18.9,725,29,77,313,338,92,721,30,8,26.7,18,60.0,366,1434,387,5,12,4,63,26,517,91,Matches,e09f279b
484,Adama Traoré,es ESP,FWMF,Wolves,27-015,1996,9.5,396,7,51,151,204,27,396,51,19,37.3,23,45.1,248,2237,1183,48,22,11,35,14,301,85,Matches,9a28eba4
485,Boubacar Traoré,ml MLI,MF,Wolves,21-173,2001,4.3,157,6,37,96,26,2,157,7,3,42.9,3,42.9,74,448,241,4,3,0,2,3,84,2,Matches,999ceb5f
486,Mark Travers,ie IRL,GK,Bournemouth,23-267,1999,10.5,354,328,353,1,0,0,354,0,0,,0,,159,786,413,0,0,0,0,0,120,0,Matches,fe558029
487,Kieran Trippier,eng ENG,DF,Newcastle Utd,32-143,1990,20.7,1657,61,399,698,569,16,1657,20,9,45.0,7,35.0,681,2248,1107,20,20,1,13,3,834,90,Matches,21512407
488,Leandro Trossard,be BEL,FWMF,Brighton,28-067,1994,14.6,698,3,63,278,368,90,698,40,14,35.0,19,47.5,429,2443,1192,40,27,24,38,26,531,118,Matches,38ceb24a
489,Leandro Trossard,be BEL,FW,Arsenal,28-067,1994,0.5,24,0,2,4,19,5,24,3,2,66.7,1,33.3,16,188,126,5,0,2,0,1,16,9,Matches,38ceb24a
490,Kostas Tsimikas,gr GRE,DF,Liverpool,26-273,1996,5.0,420,17,92,142,188,19,420,9,2,22.2,6,66.7,207,1238,651,18,8,4,10,4,245,60,Matches,f315ca93
491,Deniz Undav,de GER,FWMF,Brighton,26-205,1996,1.9,66,1,5,15,46,17,66,1,0,0.0,1,100.0,29,90,43,2,1,2,2,3,47,15,Matches,dd549382
492,Yan Valery,tn TUN,DF,Southampton,23-352,1999,0.5,28,3,7,18,3,0,28,0,0,,0,,17,91,18,0,1,0,1,3,20,0,Matches,531a4aa8
493,Virgil van Dijk,nl NED,DF,Liverpool,31-216,1991,16.5,1477,196,687,725,69,35,1477,1,1,100.0,0,0.0,894,3632,1865,8,9,2,6,0,1062,4,Matches,e06683ca
494,Raphaël Varane,fr FRA,DF,Manchester Utd,29-290,1993,14.4,926,111,434,461,33,13,926,4,2,50.0,2,50.0,573,4025,2398,11,12,0,2,1,612,2,Matches,9f8e9423
495,Jamie Vardy,eng ENG,FW,Leicester City,36-029,1987,12.9,265,22,35,101,131,48,265,12,4,33.3,7,58.3,119,632,230,12,6,10,19,12,154,69,Matches,45963054
496,Joël Veltman,nl NED,DF,Brighton,31-025,1992,14.3,1072,67,375,561,142,9,1072,10,3,30.0,4,40.0,587,2926,1642,29,18,1,10,5,656,19,Matches,dad4b285
497,Fabio Vieira,pt POR,MFFW,Arsenal,22-255,2000,2.9,170,3,16,84,72,8,170,10,3,30.0,6,60.0,100,421,134,2,3,0,9,5,117,16,Matches,6412cc03
498,Matías Viña,uy URU,MF,Bournemouth,25-092,1997,0.1,2,0,1,1,0,0,2,0,0,,0,,0,0,0,0,0,0,0,0,1,0,Matches,08eb3b58
499,Rúben Vinagre,pt POR,DFMF,Everton,23-306,1999,0.3,31,1,7,16,9,0,31,3,1,33.3,0,0.0,15,98,52,2,1,0,1,1,17,1,Matches,b937e490
500,Carlos Vinícius,br BRA,FW,Fulham,27-321,1995,4.8,139,7,9,52,80,20,139,6,0,0.0,5,83.3,75,303,83,2,4,2,19,8,96,17,Matches,8b529245
501,Theo Walcott,eng ENG,FWMF,Southampton,33-330,1989,1.5,50,0,6,19,27,3,50,2,0,0.0,2,100.0,25,163,130,3,2,2,4,2,28,9,Matches,1ecb65be
502,Kyle Walker,eng ENG,DF,Manchester City,32-257,1990,8.8,883,19,176,565,146,6,883,5,4,80.0,1,20.0,512,2475,1406,22,15,0,3,2,710,19,Matches,86dd77d1
503,Kyle Walker-Peters,eng ENG,DF,Southampton,25-302,1997,15.6,866,38,225,362,294,27,866,48,19,39.6,21,43.8,443,3108,1630,55,40,10,20,32,464,63,Matches,984a5a64
504,Aaron Wan-Bissaka,eng ENG,DF,Manchester Utd,25-075,1997,6.8,404,27,127,165,114,13,404,11,5,45.5,6,54.5,202,1050,563,16,10,2,8,5,224,23,Matches,9e525177
505,Danny Ward,wls WAL,GK,Leicester City,29-232,1993,21.0,820,665,816,5,0,0,820,0,0,,0,,452,2388,1441,0,0,0,0,0,385,0,Matches,d3ce0e89
506,Joel Ward,eng ENG,DF,Crystal Palace,33-103,1989,14.4,810,81,341,325,148,11,810,6,4,66.7,1,16.7,327,1239,582,7,9,0,12,5,412,23,Matches,8a7ff278
507,James Ward-Prowse,eng ENG,MF,Southampton,28-100,1994,21.0,1384,44,242,737,409,16,1383,10,4,40.0,6,60.0,631,2401,1081,13,15,0,19,15,800,30,Matches,3515d404
508,Ollie Watkins,eng ENG,FW,Aston Villa,27-041,1995,18.1,531,18,47,220,272,87,531,32,8,25.0,17,53.1,295,1510,666,26,19,14,53,31,396,100,Matches,aed3a70f
509,Adam Webster,eng ENG,DF,Brighton,28-036,1995,13.0,1013,92,454,487,77,15,1013,6,1,16.7,4,66.7,623,2985,1729,12,12,0,7,2,686,5,Matches,c40b6180
510,Wout Weghorst,nl NED,FW,Manchester Utd,30-186,1992,3.0,89,6,14,45,31,9,89,2,0,0.0,2,100.0,44,101,20,0,2,0,3,6,61,16,Matches,c4e87b8b
511,Danny Welbeck,eng ENG,FW,Brighton,32-075,1990,12.7,374,12,22,126,230,66,374,22,11,50.0,10,45.5,223,971,413,15,7,5,44,11,289,76,Matches,ce5143da
512,Ben White,eng ENG,DF,Arsenal,25-124,1997,17.7,1321,47,291,713,324,18,1321,16,5,31.3,9,56.3,731,3422,1923,37,29,0,18,5,877,46,Matches,35e413f1
513,Harvey White,eng ENG,MF,Tottenham,21-143,2001,0.1,8,0,0,4,4,0,8,0,0,,0,,5,11,4,0,0,0,0,0,5,1,Matches,4d90ce8c
514,Neco Williams,wls WAL,DF,Nott'ham Forest,21-302,2001,13.5,814,56,311,292,229,16,814,32,13,40.6,17,53.1,399,2569,1472,34,23,3,20,15,380,52,Matches,dd323728
515,Willian,br BRA,FW,Fulham,34-184,1988,12.6,591,4,74,210,319,40,591,31,18,58.1,9,29.0,390,2815,1446,52,42,15,25,13,424,73,Matches,8b9ebd03
516,Joe Willock,eng ENG,MF,Newcastle Utd,23-173,1999,17.4,841,33,139,364,351,69,841,50,14,28.0,28,56.0,481,3115,1646,56,30,21,43,18,562,86,Matches,a3b03921
517,Callum Wilson,eng ENG,FW,Newcastle Utd,30-347,1992,12.5,275,5,15,101,159,72,274,10,3,30.0,4,40.0,164,868,465,20,9,9,41,21,217,75,Matches,c596fcb0
518,Harry Wilson,wls WAL,FW,Fulham,25-324,1997,3.9,195,6,32,69,95,12,195,5,4,80.0,1,20.0,122,711,233,7,6,4,7,6,141,32,Matches,c6dc9ecd
519,Yoane Wissa,cd COD,FW,Brentford,26-159,1996,10.2,316,11,43,124,156,33,316,25,11,44.0,9,36.0,190,928,388,12,6,4,28,19,202,62,Matches,2500cef9
520,Maximilian Wöber,at AUT,DF,Leeds United,25-005,1998,3.3,244,18,93,131,21,5,244,0,0,,0,,134,848,620,5,3,0,0,0,141,1,Matches,4b803b3c
521,Chris Wood,nz NZL,FW,Nott'ham Forest,31-064,1991,1.6,43,2,4,28,12,3,43,1,0,0.0,1,100.0,20,80,13,0,1,0,8,3,36,6,Matches,4e9a0555
522,Chris Wood,nz NZL,FW,Newcastle Utd,31-064,1991,5.0,149,8,19,70,60,16,148,2,1,50.0,0,0.0,52,159,62,1,1,0,12,5,101,23,Matches,4e9a0555
523,Joe Worrall,eng ENG,DF,Nott'ham Forest,26-030,1997,13.0,782,102,440,300,43,10,782,2,2,100.0,0,0.0,382,1641,890,3,3,0,3,4,466,0,Matches,a5212312
524,Granit Xhaka,ch SUI,MF,Arsenal,30-135,1992,19.0,1114,52,185,531,403,67,1114,12,6,50.0,5,41.7,646,2410,1195,22,25,5,18,18,817,105,Matches,e61b8aee
525,Ryan Yates,eng ENG,MF,Nott'ham Forest,25-080,1997,15.5,632,49,182,339,117,31,632,6,3,50.0,2,33.3,247,1047,474,8,3,2,16,15,310,20,Matches,c1fe2a48
526,Ashley Young,eng ENG,DF,Aston Villa,37-215,1985,13.2,871,48,308,418,158,4,871,11,5,45.5,5,45.5,416,1723,821,16,14,3,8,3,457,28,Matches,be927d03
527,Wilfried Zaha,ci CIV,FWMF,Crystal Palace,30-091,1992,18.5,751,10,80,294,389,91,749,91,32,35.2,48,52.7,527,3401,1431,54,31,37,75,70,589,171,Matches,b2bc3b1f
528,Denis Zakaria,ch SUI,MF,Chelsea,26-081,1996,3.2,160,7,48,82,34,2,160,6,4,66.7,2,33.3,103,478,219,6,2,2,2,7,119,2,Matches,384d58d9
529,Jordan Zemura,zw ZIM,DF,Bournemouth,23-087,1999,12.5,635,39,226,241,176,28,635,27,10,37.0,15,55.6,303,1917,972,32,23,8,24,14,333,37,Matches,e8271ad9
530,Oleksandr Zinchenko,ua UKR,DF,Arsenal,26-056,1996,11.0,945,27,182,510,261,15,945,5,4,80.0,1,20.0,548,3148,1594,27,20,3,11,11,617,30,Matches,51cf8561
531,Hakim Ziyech,ma MAR,FWMF,Chelsea,29-327,1993,5.4,366,7,54,142,173,10,366,24,10,41.7,12,50.0,225,1036,438,12,11,3,5,12,259,51,Matches,6622454d
532,Kurt Zouma,fr FRA,DF,West Ham,28-105,1994,14.2,735,164,465,254,18,14,735,2,0,0.0,2,100.0,387,1709,815,1,1,0,4,0,463,1,Matches,ce4246f5